id,ign,teamId,region,nat,realName,age,role,roles,flex,isIgl,overall,potential,form,morale,fatigue,salary,value,contractYears,loyalty,ambition,rounds,stageBonus,agentPool,traits,aim,reaction,awareness,utility,clutch,teamwork,communication,igl,vlrRating,vlrAcs,vlrRounds
P0,Neon,T0,Americas,ar,,27,哨卫,哨卫|控场|决斗者,true,false,91,92,74,76,8,663000,498000,1,22,81,5036,0.07,Chamber|Omen|Jett,突破手|核心火力|定海神针,91,95,92,83,97,88,92,73,1.21,219.0,1367.0
P1,Sato,T0,Americas,br,Eduardo Kenzo Nagahama Sato,18,决斗者,决斗者|控场,true,false,92,99,68,69,3,720000,1052000,2,46,79,8620,0.55,Phoenix|Omen|Raze,突破手|核心火力|定海神针,95,94,86,80,94,89,86,73,1.06,222.0,1471.0
P2,blowz,T0,Americas,br,Guilherme Oliveira,18,先锋,先锋,false,false,88,98,67,72,9,516000,739000,3,57,51,5359,1.19,Fade|Sova|Skye,定海神针|生存大师,77,73,95,91,92,92,93,78,1.05,178.0,1471.0
P3,kiNgg,T0,Americas,cl,Francisco Alberto Aravena,24,控场,控场,false,true,88,91,71,55,15,475000,504000,2,66,75,10254,-0.94,Viper|Omen|Astra,定海神针,79,82,92,91,92,91,96,89,1.03,179.0,1471.0
P4,spike,T0,Americas,br,Rodrigo Lombardi,18,决斗者,决斗者|控场,true,false,86,99,71,81,18,437000,628000,4,73,83,4615,4.33,Neon|Omen,核心火力|残局王|玻璃大炮,84,87,76,73,84,80,79,65,0.99,223.0,1471.0
P5,keiko,T1,Americas,gb,Georgio Sanassy,22,决斗者,决斗者|控场|哨卫,true,false,89,92,72,71,5,561000,604000,2,51,49,1637,-0.41,Jett|Brimstone|Chamber,,93,89,89,87,95,86,91,74,1.12,216.0,1637.0
P6,brawk,T1,Americas,us,Brock Somerhalder,25,先锋,先锋|哨卫,true,false,87,89,68,95,14,475000,430000,1,36,62,1637,-1.17,Sova|Vyse,定海神针|生存大师|残局王|稳定输出,84,78,93,91,93,91,92,77,1.09,201.0,1637.0
P7,skuba,T1,Americas,us,Logan Jenkins,23,控场,控场|哨卫,true,false,86,93,73,77,18,437000,471000,4,63,62,1637,0.94,Viper|Cypher|Omen,定海神针,77,76,90,86,89,86,90,73,1.04,188.0,1637.0
P8,mada,T1,Americas,ca,Adam Pampuch,22,决斗者,决斗者|控场,true,false,80,85,64,66,2,265000,261000,3,70,82,1637,-1.68,Neon|Harbor|Raze,突破手|玻璃大炮,84,89,74,69,86,73,76,61,1.0,209.0,1637.0
P9,Ethan,T1,Americas,us,Ethan Cole Arnold,25,先锋,先锋|决斗者,true,true,79,83,67,85,14,244000,205000,1,68,81,1637,-1.48,Kayo|Phoenix|Fade,串联核心,71,72,83,88,79,87,90,86,0.95,182.0,1637.0
P10,trent,T2,Americas,us,Trent Cairns,21,先锋,先锋,false,false,91,98,72,78,8,663000,957000,2,77,73,12395,-0.64,Skye|Sova,定海神针|生存大师|稳定输出,89,82,97,94,97,94,96,80,1.12,196.0,1556.0
P11,valyn,T2,Americas,us,Jacob Batio,22,控场,控场,false,true,90,95,74,76,16,561000,621000,1,57,49,16601,-0.96,,定海神针|串联核心|稳定输出,83,83,92,94,92,93,97,91,1.06,199.0,1556.0
P12,BABYBAY,T2,Americas,us,,20,哨卫,哨卫|决斗者,true,false,78,93,74,67,4,224000,298000,4,77,66,9787,-3.18,Chamber|Vyse|Neon,突破手,79,88,82,76,85,79,84,66,1.03,202.0,1556.0
P13,leaf,T2,Americas,us,Nathan Orf,22,控场,控场,false,false,87,95,66,71,16,475000,523000,3,59,51,12629,-0.33,,核心火力,88,92,84,88,93,85,88,73,1.01,202.0,1556.0
P14,jawgemo,T2,Americas,kh,Alexander Mor,26,决斗者,决斗者,false,false,81,84,62,70,13,288000,196000,1,84,65,13630,0.89,,核心火力|玻璃大炮,83,87,73,71,83,76,76,63,0.95,212.0,1556.0
P15,Verno,T3,Americas,us,Andrew Maust,19,先锋,先锋|控场,true,false,89,99,76,78,4,561000,813000,4,87,76,14327,0.21,Sova|Omen,定海神针|生存大师|残局王|稳定输出,85,77,95,90,94,91,94,78,1.09,199.0,916.0
P16,aspas,T3,Americas,br,Erick Santos,22,决斗者,决斗者,false,false,90,96,57,82,15,610000,683000,2,66,69,10502,-0.21,Neon|Jett,突破手|核心火力|定海神针,93,96,89,70,98,81,88,67,1.06,211.0,916.0
P17,zekken,T3,Americas,us,Zachary Jude Patrone,20,决斗者,决斗者,false,false,89,98,66,86,18,561000,806000,3,43,67,15334,0.29,Phoenix|Neon|Raze,核心火力|玻璃大炮,90,94,83,76,95,85,85,70,1.04,217.0,916.0
P18,Mazino,T3,Americas,cl,Roberto Francisco Rivas Bugueño,24,控场,控场,false,true,83,85,62,70,10,313000,310000,1,57,69,9702,-1.09,,串联核心,78,77,82,90,81,88,90,86,0.95,191.0,916.0
P19,tex,T3,Americas,de,Ian Botsch,26,哨卫,哨卫,false,false,61,66,68,79,16,54000,30000,1,67,21,11777,-0.76,,,62,68,61,61,60,58,66,50,0.86,168.0,916.0
P20,johnqt,T4,Americas,ma,محمد أمين وريد,27,控场,控场|哨卫,true,true,83,84,71,60,20,340000,233000,1,77,62,696,-0.78,Harbor|Cypher|Viper,定海神针|生存大师|苟,74,69,90,87,87,86,93,85,1.1,187.0,696.0
P21,cortezia,T4,Americas,br,Gabriel Araujo Lobo Cortez,21,控场,控场|哨卫,true,false,75,79,73,78,11,175000,203000,3,50,45,767,0.91,Viper|Vyse|Omen,,77,73,74,76,79,68,77,61,1.04,200.0,767.0
P22,Reduxx,T4,Americas,us,Yassin Aboulalazm,18,决斗者,决斗者,false,false,76,88,74,74,16,190000,240000,4,56,29,767,0,,,79,79,73,69,77,73,73,60,1.0,204.0,767.0
P23,JonahP,T4,Americas,ca,Jonah Pulice,25,先锋,先锋,false,false,74,76,66,93,11,161000,125000,2,79,66,577,-1.32,,,67,64,79,84,75,81,82,70,0.92,179.0,577.0
P24,Jerrwin,T4,Americas,in,Gurjiwan Gill,21,决斗者,决斗者,false,false,61,65,68,59,19,54000,53000,3,40,74,534,0,,,63,71,53,56,57,54,56,46,0.85,195.0,534.0
P25,basic,T5,Americas,br,Luiz Henrique Ferlin Tessaro,19,控场,控场|先锋|决斗者,true,false,92,99,69,83,2,720000,1052000,4,75,48,3324,0,Harbor|Kayo|Phoenix,定海神针|稳定输出,91,82,95,95,98,95,96,81,1.26,226.0,330.0
P26,eeiu,T5,Americas,ca,Daniel Vucenovic,24,先锋,先锋,false,false,92,96,66,71,17,720000,811000,2,50,60,11794,3.71,,定海神针|生存大师|稳定输出,84,78,95,89,94,89,93,76,1.04,192.0,803.0
P27,Shyy,T5,Americas,cl,Fabian Usnayo,21,哨卫,哨卫,false,false,84,89,67,64,14,370000,482000,3,68,59,5822,0.49,,稳定输出,80,78,89,78,91,80,85,68,0.99,189.0,330.0
P28,artzin,T5,Americas,br,Arthur Araujo,22,控场,控场,false,true,72,81,75,80,15,136000,127000,3,34,56,6880,0.12,,,69,73,65,80,68,73,77,75,0.97,191.0,1077.0
P29,koalanoob,T5,Americas,ca,GianFranco Potestio,22,决斗者,决斗者,false,false,71,78,67,90,15,125000,113000,4,70,71,15547,-0.95,,突破手|玻璃大炮,74,83,64,62,72,63,67,53,0.91,199.0,1077.0
P30,C0M,T5,Americas,us,Corbin Daniel Lee,25,先锋,先锋,false,false,72,76,57,78,1,136000,105000,1,64,51,12299,1.3,,,59,61,77,79,67,76,79,66,0.84,160.0,722.0
P31,Cryocells,T6,Americas,us,Matthew Dylan Panganiban,23,哨卫,哨卫|控场,true,false,89,96,69,68,4,561000,627000,2,67,77,13904,0,Cypher|Viper,核心火力|定海神针,91,93,90,78,96,83,90,70,1.09,209.0,1149.0
P32,bang,T6,Americas,us,Sean Christian Bezerra,21,控场,控场,false,false,86,93,71,60,0,437000,594000,1,66,39,14455,-3.41,,定海神针|串联核心|稳定输出,83,81,92,94,92,93,92,78,1.08,186.0,1149.0
P33,Asuna,T6,Americas,us,Петро Мазурик,22,决斗者,决斗者,false,false,86,96,76,81,2,437000,485000,3,53,71,13773,0,Phoenix,定海神针|串联核心,84,88,85,83,89,93,86,75,1.07,206.0,1149.0
P34,Timotino,T6,Americas,ca,Timothée Lavigne Dupont,18,决斗者,决斗者,false,false,80,92,69,78,12,265000,351000,4,58,59,13367,0,,突破手|核心火力|玻璃大炮,85,89,68,69,82,70,71,59,0.98,222.0,1149.0
P35,vora,T6,Americas,ca,Jordan Pulwer,21,先锋,先锋,false,true,81,89,71,71,20,265000,342000,3,69,55,9196,0,,定海神针|苟,71,67,87,86,81,86,92,85,0.97,181.0,1149.0
P36,Less,T7,Americas,br,Felipe de Loyola Basso,20,控场,控场,false,false,87,99,76,65,3,475000,684000,4,72,31,7956,0.9,,,89,86,85,87,95,82,87,72,1.12,218.0,630.0
P37,heat,T7,Americas,br,Olavo Marcelo Saabi Batista Lemes,22,哨卫,哨卫|决斗者,true,false,78,85,83,70,7,224000,220000,3,53,83,7185,0.74,Chamber|Raze|Phoenix,,77,84,75,68,83,70,72,59,1.08,204.0,295.0
P38,mwzera,T7,Americas,br,Leonardo da Silva Serrati,24,先锋,先锋,false,false,87,90,72,74,15,475000,499000,2,37,69,8441,0,,稳定输出,83,88,90,87,88,85,89,73,1.03,197.0,630.0
P39,saadhak,T7,Americas,ar,Matias Delipetro,28,控场,控场,false,true,73,74,77,57,16,148000,62000,1,42,82,9436,2.99,,串联核心,62,65,64,82,62,74,76,76,0.95,181.0,630.0
P40,Dantedeu5,T7,Americas,ar,Jesús Federico Larrosa,18,决斗者,决斗者,false,false,56,68,71,66,8,36000,36000,4,76,78,4206,0,,突破手,57,66,48,55,48,54,54,45,0.79,183.0,630.0
P41,lukxo,T8,Americas,br,Lucca Travaioli,18,哨卫,哨卫|控场,true,false,84,96,68,56,7,370000,514000,3,68,55,5729,0,Chamber|Harbor|Viper,核心火力,92,90,79,78,96,74,81,64,1.13,229.0,715.0
P42,tkzin,T8,Americas,br,Enzo Zimiani,17,决斗者,决斗者,false,false,72,83,66,69,5,136000,163000,4,53,48,3928,0,,突破手|爆头机器|玻璃大炮,81,83,60,59,69,59,64,51,0.99,234.0,258.0
P43,Darker,T8,Americas,co,Sebastián Castro Cicuamia,20,控场,控场,false,false,81,93,69,75,19,288000,386000,3,70,50,5907,0,,,77,75,81,87,78,81,81,70,0.97,197.0,715.0
P44,DaviH,T8,Americas,pt,David Cruz,22,先锋,先锋,false,false,80,86,70,76,12,265000,264000,1,55,76,9163,0,,生存大师,68,68,87,87,82,86,87,73,0.97,170.0,258.0
P45,erde,T8,Americas,cl,Roberto Lobos,17,控场,控场,false,true,74,84,69,73,14,161000,195000,4,52,66,4042,0,,,67,66,71,83,72,76,80,78,0.96,183.0,417.0
P46,cauanzin,T8,Americas,br,Cauan Pereira,20,先锋,先锋,false,false,77,86,69,75,14,206000,257000,2,52,34,6239,2.39,,,71,73,74,81,74,74,78,65,0.91,168.0,457.0
P47,Bati,T8,Americas,pt,Miguel Batista,27,自由人,自由人,false,false,55,56,70,72,13,33000,16000,1,89,73,152,0,,,49,50,56,65,49,60,60,52,0.7,140.0,152.0
P48,OXY,T9,Americas,us,Francis Hoang,20,决斗者,决斗者,false,false,89,99,69,65,6,561000,813000,2,65,40,10030,0,Neon|Raze|Jett,突破手|核心火力|玻璃大炮,93,97,82,70,96,78,84,65,1.09,243.0,794.0
P49,FireBallOps,T9,Americas,us,Cameron Tomaselli,24,哨卫,哨卫,false,false,75,79,69,82,3,175000,161000,1,58,62,25559,0,,爆头机器,81,80,73,69,79,66,75,57,1.0,200.0,311.0
P50,v1c,T9,Americas,us,Victor Truong,21,控场,控场,false,false,88,96,69,83,16,516000,726000,3,48,55,14522,0,,定海神针|串联核心,79,78,90,94,89,94,92,79,1.0,183.0,873.0
P51,Jackk,T9,Americas,us,Jack Foote,19,先锋,先锋,false,false,82,92,65,81,7,313000,417000,4,32,47,13786,0,,生存大师|苟,71,66,90,90,84,89,89,76,0.99,166.0,411.0
P52,Zellsis,T9,Americas,us,Jordan Montemurro,27,控场,控场,false,true,72,72,59,79,12,125000,73000,1,30,69,13442,0.06,,,57,64,72,81,64,77,80,77,0.84,161.0,914.0
P53,dgzin,T10,Americas,br,Douglas De Santana Da Silva,25,决斗者,决斗者,false,false,87,91,72,74,19,475000,438000,2,62,95,8472,0,,突破手|核心火力|玻璃大炮,94,95,75,68,94,70,76,60,1.09,232.0,705.0
P54,supamen,T10,Americas,us,Phat Le,28,控场,控场,false,false,74,74,69,77,19,161000,67000,1,38,49,9282,0,,爆头机器,72,67,73,81,74,73,76,64,0.94,179.0,705.0
P55,bao,T10,Americas,vn,Emil Maile,29,哨卫,哨卫,false,false,72,74,74,86,8,136000,57000,1,52,66,9916,0,,,71,68,72,75,72,73,74,62,0.94,185.0,705.0
P56,zerona,T10,Americas,us,Javan Varela,20,决斗者,决斗者,false,false,70,80,69,76,13,115000,133000,4,63,38,15597,0,,,73,72,67,67,65,71,67,58,0.88,198.0,257.0
P57,Paincakes,T10,Americas,us,Jake Hass,23,先锋,先锋,false,true,64,71,70,63,16,70000,58000,3,75,71,18771,0,,,56,60,65,74,55,66,72,70,0.82,160.0,257.0
P58,Demon1,T11,Americas,us,Maximilian Mazanov,23,哨卫,哨卫,false,false,81,89,67,68,0,288000,295000,2,58,68,7377,-0.18,,爆头机器,88,88,77,73,87,73,80,62,1.02,201.0,665.0
P59,Rossy,T11,Americas,us,Daniel Abedrabbo,22,控场,控场,false,true,85,92,70,67,9,402000,429000,3,49,74,11974,0,,稳定输出,79,74,87,90,85,87,91,86,1.01,191.0,801.0
P60,nightz,T11,Americas,us,Christian Smith,17,决斗者,决斗者,false,false,76,88,71,89,2,190000,240000,4,60,64,9664,0,,爆头机器,82,81,67,73,73,74,68,61,0.97,197.0,266.0
P61,GLYPH,T11,Americas,ph,Conner Garcia,22,控场,控场|先锋,true,false,77,84,66,66,18,206000,200000,2,41,52,26191,-0.25,,定海神针|生存大师|串联核心,59,64,84,86,71,85,83,71,0.93,169.0,1173.0
P62,keznit,T11,Americas,cl,Angelo Mori,24,决斗者,决斗者,false,false,87,89,55,64,14,475000,494000,1,74,77,8458,3.53,,突破手|核心火力|玻璃大炮,86,91,77,70,87,76,78,63,0.91,207.0,801.0
P63,P0PPIN,T11,Americas,us,Matteo Weber,21,先锋,先锋,false,false,62,70,73,79,12,59000,61000,3,65,53,5588,0,,,55,60,59,73,53,64,66,56,0.85,179.0,535.0
P64,Eggsterr,T11,Americas,us,Evan Grady,23,决斗者,决斗者,false,false,54,59,66,75,10,30000,22000,1,51,78,4455,0,,,53,60,51,56,47,56,55,46,0.79,178.0,535.0
P65,Sayonara,T12,EMEA,md,Ștefan Mîtcu,17,先锋,先锋|控场,true,false,87,99,71,75,1,475000,684000,4,77,57,3270,-3.15,Sova|Fade|Viper,定海神针|稳定输出,90,90,93,88,97,88,93,76,1.11,213.0,1080.0
P66,Chronicle,T12,EMEA,ru,Тимофей Хромов,23,控场,控场|哨卫,true,false,88,97,67,77,1,516000,581000,3,66,28,13639,0.39,Viper|Chamber|Vyse,,87,86,88,85,93,87,88,73,1.09,213.0,1360.0
P67,Derke,T12,EMEA,fi,Никита Сырмытев,22,决斗者,决斗者,false,false,91,98,68,79,11,663000,759000,3,66,51,12128,3.11,Jett|Neon|Raze,突破手|核心火力|残局王|玻璃大炮,91,96,81,72,95,79,83,66,1.08,234.0,1360.0
P68,PROFEK,T12,EMEA,pl,Dawid Święć,21,控场,控场,false,false,87,91,64,83,19,475000,635000,2,86,60,8711,0.85,,定海神针|生存大师|串联核心,76,78,91,91,88,90,89,76,0.99,178.0,1360.0
P69,Jamppi,T12,EMEA,fi,Elias Olkkonen,24,先锋,先锋,false,true,81,85,73,70,0,265000,261000,1,72,50,10256,-2.55,,,78,81,82,87,82,86,91,85,0.99,198.0,1360.0
P70,RieNs,T13,EMEA,tr,Enes Ecirli,20,先锋,先锋|控场,true,false,93,99,70,76,0,783000,1147000,3,38,77,11113,0.83,Sova|Fade|Viper,爆头机器|定海神针|生存大师|稳定输出,93,85,95,92,95,92,94,78,1.05,208.0,1436.0
P71,Wo0t,T13,EMEA,tr,Mert Alkan,19,哨卫,哨卫|决斗者,true,false,85,92,64,73,18,402000,540000,4,42,74,8365,-1.99,Chamber|Jett|Raze,核心火力|定海神针,89,90,85,75,92,85,85,69,1.03,213.0,1436.0
P72,Boo,T13,EMEA,lt,Ričardas Lukaševičius,28,控场,控场|先锋,true,true,80,80,72,67,19,244000,109000,1,57,60,12833,-1.38,Omen|Astra|Fade,爆头机器|定海神针|串联核心,66,66,85,90,77,89,90,86,1.01,171.0,1436.0
P73,benjyfishy,T13,EMEA,gb,Benjy David Fish,21,哨卫,哨卫,false,false,78,88,67,59,6,224000,285000,4,67,46,8331,-1.82,,爆头机器,81,79,83,75,84,77,82,65,1.0,190.0,1436.0
P74,koshmaras,T13,EMEA,lt,Martynas Namikas,19,决斗者,决斗者,false,false,77,85,69,77,13,206000,255000,2,41,44,4826,-0.43,,突破手|玻璃大炮,78,83,73,70,76,77,76,63,0.96,210.0,1085.0
P75,Alfajer,T14,EMEA,tr,Emir Ali Beder,20,决斗者,决斗者|哨卫,true,false,86,99,73,81,1,437000,628000,4,71,73,11603,0.25,Neon|Chamber|Cypher,核心火力|爆头机器,95,92,83,75,94,75,84,65,1.11,232.0,1236.0
P76,Veqaj,T14,EMEA,fr,Sylvain Jean-Pierre Pattyn,22,控场,控场,false,false,90,97,71,78,10,610000,690000,3,65,77,6647,0,,核心火力|串联核心,92,90,87,93,92,90,89,77,1.09,221.0,635.0
P77,crashies,T14,EMEA,us,Austin Roberts,28,先锋,先锋,false,false,84,85,72,84,10,370000,176000,1,74,51,13173,-0.08,,生存大师|苟,78,72,92,87,90,87,91,74,1.02,184.0,1236.0
P78,kaajak,T14,EMEA,pl,Kajetan Haremski,21,决斗者,决斗者,false,false,88,95,64,94,6,516000,719000,3,41,71,10289,0.72,,突破手|核心火力|玻璃大炮,94,95,77,69,94,72,78,61,0.99,213.0,1236.0
P79,Cloud,T14,EMEA,ru,Кирилл Нехожин,22,先锋,先锋,false,false,85,88,69,63,20,402000,412000,2,48,67,10191,1.95,,,79,80,85,86,84,83,86,71,0.97,185.0,938.0
P80,Boaster,T14,EMEA,gb,Jake Howlett,30,控场,控场,false,true,62,63,64,84,3,59000,22000,2,41,61,13343,-0.91,,串联核心,50,51,62,77,50,70,72,72,0.83,146.0,1236.0
P81,yetujey,T15,EMEA,tr,Eray Budak,20,哨卫,哨卫,false,false,82,93,72,74,5,313000,421000,3,83,67,8840,-0.42,,,83,80,85,79,89,79,83,67,1.02,188.0,1323.0
P82,s0pp,T15,EMEA,tr,Efe Tur,17,决斗者,决斗者,false,false,85,94,73,95,11,402000,550000,4,45,65,4233,0.37,,突破手|核心火力|玻璃大炮,87,92,80,71,88,79,82,65,1.02,222.0,1136.0
P83,sociablEE,T15,EMEA,tr,Volkan Yönal,29,控场,控场,false,true,84,84,67,67,2,340000,160000,1,69,42,12614,-0.24,,突破手,78,85,80,89,84,84,88,84,0.98,189.0,1397.0
P84,xeus,T15,EMEA,tr,Yusuf Doğan Gözgen,21,决斗者,决斗者,false,false,82,86,71,65,10,313000,395000,1,57,72,7496,1.57,,突破手|核心火力|爆头机器,88,89,70,64,82,65,71,56,0.96,207.0,1323.0
P85,KROSTALY,T15,EMEA,tr,Okan Alaçam,19,先锋,先锋,false,false,78,86,67,87,20,224000,280000,2,90,65,7440,0.78,,定海神针|生存大师,66,68,85,84,75,83,85,71,0.94,173.0,1323.0
P86,ara,T16,EMEA,ro,Eduard-George Hanceriuc,20,决斗者,决斗者,false,false,79,89,69,83,1,244000,314000,4,87,55,7536,-0.8,,突破手|玻璃大炮,84,89,71,64,85,66,72,57,0.97,207.0,889.0
P87,westside,T16,EMEA,pl,Miłosz Tomasz Duda,20,哨卫,哨卫,false,false,75,84,69,80,3,175000,212000,3,81,40,6409,0.67,,爆头机器,80,78,71,71,80,65,72,57,0.96,194.0,889.0
P88,Flickless,T16,EMEA,be,Karel Ivo Maeckelbergh,23,控场,控场,false,true,79,85,66,67,15,224000,220000,3,65,55,8296,-1.09,,串联核心,71,73,78,88,75,83,85,83,0.95,184.0,889.0
P89,neT,T16,EMEA,us,Michael Bernet,23,先锋,先锋,false,false,68,75,72,73,16,97000,85000,1,59,35,12869,0,,,65,66,70,73,65,67,74,59,0.94,192.0,349.0
P90,Jesse,T16,EMEA,cz,Adam Čtvrtníček,22,控场,控场,false,false,62,67,69,82,12,59000,47000,2,49,57,13558,0,,串联核心,51,56,61,76,51,67,65,58,0.83,152.0,349.0
P91,lovers rock,T17,EMEA,tr,Umut Pekdoğan,19,决斗者,决斗者,false,false,82,92,73,66,4,313000,417000,2,43,60,5268,-3.21,Yoru|Neon,突破手|核心火力,87,93,82,68,93,74,81,62,1.06,220.0,1007.0
P92,Loita,T17,EMEA,tr,Utku Kart,18,控场,控场,false,false,86,95,67,90,19,437000,605000,4,57,42,6770,0.36,Omen|Astra,爆头机器|串联核心,79,77,85,94,88,90,87,76,1.03,182.0,1007.0
P93,Lar0k,T17,EMEA,tr,Yusuf Kaan Kanber,18,决斗者,决斗者,false,false,83,93,71,92,6,340000,459000,3,67,74,6430,1.54,,,86,82,77,72,86,77,77,64,1.01,211.0,1007.0
P94,Crewen,T17,EMEA,tr,Ali Eren Sargin,21,哨卫,哨卫|控场,true,false,70,73,66,79,13,115000,125000,2,61,48,9721,-1.03,Cypher|Vyse|Viper,爆头机器,78,73,68,70,77,62,68,55,0.96,191.0,1007.0
P95,Rosé,T17,EMEA,tr,Eren Erzan,21,先锋,先锋,false,true,55,60,71,50,19,30000,28000,1,67,34,9346,-2.75,,,52,50,56,70,50,57,65,64,0.83,162.0,1007.0
P96,trexx,T18,EMEA,ru,Никита Чередниченко,21,先锋,先锋|控场,true,false,92,99,78,86,15,720000,1052000,2,41,40,7919,-0.92,Sova|Fade|Astra,定海神针|生存大师|串联核心|稳定输出,88,87,95,96,95,95,94,81,1.13,209.0,231.0
P97,kamo,T18,EMEA,pl,Kamil Frąckowiak,20,决斗者,决斗者,false,false,81,96,74,58,3,288000,397000,4,81,64,7263,-0.96,Phoenix|Raze,突破手|核心火力|爆头机器|玻璃大炮,88,88,75,68,84,74,77,61,1.03,215.0,1200.0
P98,MiniBoo,T18,EMEA,lt,Dominykas Lukaševičius,20,决斗者,决斗者,false,false,82,91,69,93,20,313000,414000,3,51,55,9138,-1.56,,突破手|核心火力|玻璃大炮,89,92,75,68,88,73,77,61,1.03,220.0,969.0
P99,nAts,T18,EMEA,ru,Аяз Ахметшин,23,哨卫,哨卫|控场,true,true,86,91,69,71,18,402000,424000,1,82,72,11777,-0.49,Cypher|Viper,,88,85,86,84,92,81,92,82,1.02,206.0,1166.0
P100,wayne,T18,EMEA,sg,Wayne Chang Wei Jie,18,控场,控场,false,false,82,96,74,86,12,313000,433000,4,44,65,6424,-1.77,,定海神针|串联核心,74,74,88,90,81,90,88,75,0.99,181.0,897.0
P101,purp0,T18,EMEA,ru,Семён Борчев,22,先锋,先锋,false,false,79,87,68,80,14,244000,244000,1,72,54,8491,-1.73,,突破手|爆头机器,79,84,82,78,84,77,87,67,0.98,179.0,1200.0
P102,Kicks,T18,EMEA,ee,Kimmie Laasner,20,控场,控场,false,false,79,88,65,87,2,244000,311000,3,79,67,7931,0.97,,串联核心,65,64,82,88,73,86,83,72,0.92,165.0,303.0
P103,Favian,T19,EMEA,tr,Enes Yiğiter,19,决斗者,决斗者,false,false,83,92,70,90,0,340000,455000,4,64,51,3349,0,Veto|Neon|Phoenix,核心火力,89,85,75,72,88,73,74,62,1.05,220.0,949.0
P104,echo,T19,EMEA,tr,Viviana Navarrete,21,控场,控场|先锋,true,false,75,84,72,62,12,175000,212000,2,71,59,3851,0,,爆头机器,84,82,70,75,80,66,75,59,0.98,204.0,774.0
P105,audaz,T19,EMEA,tr,Soner Ekiz,19,控场,控场,false,false,79,88,71,77,17,244000,311000,2,22,50,5399,0,,爆头机器|生存大师|串联核心|苟,67,64,85,87,75,86,85,72,0.97,171.0,949.0
P106,Izzy,T19,EMEA,tr,Baran Yılmaz,24,决斗者,决斗者|哨卫,true,false,75,75,73,86,9,161000,142000,1,95,67,11786,0,,突破手|玻璃大炮,75,85,69,64,78,64,70,54,0.96,201.0,584.0
P107,Spear,T19,EMEA,tr,Arda Burak Kartal,18,决斗者,决斗者,false,false,65,78,74,83,18,76000,85000,3,65,61,3534,0,,,72,71,57,60,61,57,58,49,0.94,199.0,190.0
P108,nekky,T19,EMEA,tr,Anıl Dağdeviren,21,先锋,先锋,false,true,72,76,74,78,16,125000,140000,1,43,76,6560,0,,,71,64,72,77,71,69,77,73,0.93,185.0,949.0
P109,al0rante,T20,EMEA,de,Felix Brandl,23,控场,控场,false,false,75,83,67,72,12,175000,167000,3,55,98,10486,0,,爆头机器,85,83,71,74,82,63,74,58,0.98,199.0,797.0
P110,waddle,T20,EMEA,gb,Wadir Taraki,24,先锋,先锋,false,false,77,78,71,63,17,206000,189000,1,78,90,11932,0,,,77,70,77,84,77,76,78,67,0.98,195.0,367.0
P111,NINJA,T20,EMEA,pl,Patryk Koczyba,19,先锋,先锋|哨卫,true,false,72,84,72,75,11,125000,150000,3,54,65,5435,0,,,71,72,69,77,77,63,73,58,0.95,183.0,797.0
P112,seven,T20,EMEA,mx,Johann Hernandez,20,决斗者,决斗者,false,false,67,82,67,79,17,90000,105000,4,64,57,17833,0,,,72,73,60,64,62,66,64,55,0.91,197.0,797.0
P113,qpert,T20,EMEA,rs,Mateja Mijović,22,控场,控场,false,true,64,67,68,76,1,64000,51000,2,55,50,7172,0,,,51,48,65,76,50,70,73,72,0.85,156.0,797.0
P114,marteen,T21,EMEA,cz,Martin Pátek,21,决斗者,决斗者,false,false,95,99,81,80,19,925000,1361000,3,81,69,8258,2.43,Phoenix|Raze|Yoru,核心火力|定海神针,96,95,88,78,98,88,88,72,1.23,248.0,1251.0
P115,Minny,T21,EMEA,cz,Patrik Hušek,20,控场,控场,false,false,79,88,64,70,11,244000,311000,4,47,66,9618,-2.21,,,86,84,80,80,88,76,85,67,1.0,197.0,1251.0
P116,starxo,T21,EMEA,pl,Patryk Kopczyński,24,先锋,先锋,false,true,76,80,66,59,10,190000,177000,1,86,88,10744,3.55,,,65,66,73,82,71,74,80,77,0.93,179.0,1251.0
P117,Proxh,T21,EMEA,tr,Yusuf Emre Tunc,22,控场,控场|哨卫,true,false,72,81,74,70,10,125000,116000,4,50,52,5801,0,,串联核心,59,59,75,84,60,78,76,65,0.93,176.0,344.0
P118,bipo,T21,EMEA,it,Taranvir Singh,22,决斗者,决斗者,false,false,54,64,68,70,7,30000,23000,2,73,60,7753,-2.01,,突破手,55,67,52,52,53,51,55,43,0.85,179.0,1164.0
P119,hiro,T22,EMEA,tr,Emirhan Kat,19,哨卫,哨卫|控场,true,false,84,92,74,71,2,370000,496000,4,86,73,6347,-2.61,Cypher|Viper|Chamber,,93,89,85,81,95,80,84,68,1.16,222.0,942.0
P120,Ruxic,T22,EMEA,tr,Uğur Güç,21,控场,控场,false,false,92,99,73,77,6,720000,1052000,3,57,81,8326,0,Omen|Astra|Harbor,核心火力|定海神针,92,87,92,94,97,93,94,79,1.12,216.0,942.0
P121,Filu,T22,EMEA,pl,Dawid Czarnecki,21,决斗者,决斗者,false,false,69,79,75,70,13,106000,121000,4,57,35,8571,0,,突破手|玻璃大炮,75,78,59,58,67,57,61,49,0.93,192.0,542.0
P122,CyvOph,T22,EMEA,fr,Clément Millard,21,决斗者,决斗者,false,false,73,82,67,74,12,148000,176000,2,58,41,5477,0,,串联核心,70,72,76,77,74,81,73,66,0.92,175.0,473.0
P123,chloric,T22,EMEA,us,Caide Heaton,23,先锋,先锋,false,true,72,79,68,64,13,125000,114000,1,63,59,18923,0,,,62,64,75,80,69,74,81,77,0.92,173.0,681.0
P124,ExiT,T22,EMEA,sa,,19,决斗者,决斗者,false,false,63,71,66,78,9,64000,67000,3,50,83,13095,0,,突破手|玻璃大炮,69,75,52,55,56,54,57,46,0.87,209.0,400.0
P125,Shao,T22,EMEA,un,Андрей Кипрский,25,控场,控场,false,false,82,85,42,75,7,313000,270000,1,95,60,10862,0,,爆头机器|定海神针|生存大师,75,70,87,86,81,85,86,72,0.78,150.0,261.0
P126,dos9,T23,EMEA,kz,Дастан Жұмағали,21,控场,控场,false,false,91,99,67,75,20,663000,966000,4,61,59,4771,0,Omen|Harbor,定海神针|串联核心|稳定输出,84,84,92,95,93,95,93,80,1.05,194.0,773.0
P127,LewN,T23,EMEA,tr,,24,决斗者,决斗者,false,false,84,87,73,71,14,370000,375000,1,65,67,7138,0,Neon|Raze,突破手|核心火力|残局王|玻璃大炮,91,92,73,66,88,69,74,58,1.04,229.0,773.0
P128,N4RRATE,T23,EMEA,us,Marshall Massey,23,哨卫,哨卫|决斗者,true,false,90,97,61,58,0,610000,690000,4,66,71,6125,0.32,Chamber|Phoenix|Sage,定海神针,87,87,90,91,91,91,92,77,0.97,197.0,733.0
P129,SUYGETSU,T23,EMEA,un,Дмитрий Илюшин,23,控场,控场,false,false,85,91,65,77,14,402000,424000,3,58,59,11668,0,,定海神针,83,79,88,86,90,85,90,73,0.96,183.0,773.0
P130,Avez,T23,EMEA,eg,حازم خالد,21,先锋,先锋,false,true,85,89,67,65,6,402000,525000,3,59,54,12524,0,Fade|Sova,,85,86,81,88,89,83,90,84,0.96,189.0,773.0
P131,sheydos,T23,EMEA,ru,Богдан Нау́мов,24,先锋,先锋,false,false,75,79,55,71,9,175000,161000,2,56,64,8312,0,,生存大师,66,69,84,75,78,73,83,63,0.86,157.0,230.0
P132,something,T24,Pacific,ru,Илья Петров,23,决斗者,决斗者|控场,true,false,87,94,70,60,4,475000,518000,2,65,44,10496,-0.95,Jett|Yoru|Brimstone,突破手|核心火力,89,93,86,72,96,82,86,67,1.1,214.0,2000.0
P133,invy,T24,Pacific,ph,Adrian Jiggs Aisa Reyes,21,先锋,先锋,false,false,93,99,72,72,9,783000,1147000,4,73,55,8660,0.57,Sova|Fade|Skye,定海神针|生存大师|稳定输出,91,81,96,94,96,95,95,80,1.09,199.0,2000.0
P134,Jinggg,T24,Pacific,sg,Wang Jing Jie,22,决斗者,决斗者,false,false,89,93,72,77,19,561000,610000,3,86,50,13365,-0.66,,核心火力|定海神针,91,92,89,78,95,89,88,72,1.07,219.0,2000.0
P135,d4v41,T24,Pacific,my,Ahmad Khalish Rusyaidee bin Nordin,27,控场,控场,false,true,87,87,67,68,10,437000,309000,1,56,58,14868,-0.47,,定海神针|稳定输出,84,82,91,86,91,85,94,85,1.02,199.0,2000.0
P136,f0rsakeN,T24,Pacific,id,Jason Susanto,21,自由人,自由人|控场|哨卫|决斗者|先锋,true,false,89,95,66,82,18,561000,783000,3,72,44,15052,-1.01,,核心火力|定海神针|串联核心,89,89,86,93,91,92,91,78,1.0,211.0,2000.0
P137,iZu,T25,Pacific,kr,함우주,21,决斗者,决斗者|先锋,true,false,88,92,80,65,6,516000,699000,3,54,78,6423,1.58,Neon|Sova|Skye,,88,89,85,73,94,81,83,67,1.14,221.0,1130.0
P138,BuZz,T25,Pacific,kr,유병철,22,决斗者,决斗者|控场,true,false,85,92,74,81,3,402000,429000,4,78,50,12376,-0.84,Phoenix|Omen|Raze,突破手|核心火力|玻璃大炮,88,93,80,71,92,77,81,64,1.06,232.0,1130.0
P139,Meteor,T25,Pacific,kr,김태오,26,哨卫,哨卫|决斗者,true,false,83,87,73,94,19,340000,239000,1,58,79,9967,0.41,Chamber|Jett|Yoru,核心火力,90,90,79,79,89,74,84,65,1.02,214.0,1130.0
P140,Munchkin,T25,Pacific,kr,변상범,27,控场,控场,false,true,87,87,67,86,19,437000,309000,1,41,77,10893,-0.25,,定海神针|串联核心,77,80,86,93,87,92,94,90,0.99,179.0,1130.0
P141,stax,T25,Pacific,kr,김구택,25,先锋,先锋,false,false,79,83,75,79,6,244000,205000,2,80,64,12117,-0.21,,生存大师|苟,66,64,87,87,81,86,87,73,0.98,174.0,921.0
P142,DH,T25,Pacific,kr,강동호,19,控场,控场,false,false,83,95,55,90,11,340000,467000,4,61,78,3137,-1.03,,串联核心,75,81,83,91,83,89,87,75,0.88,173.0,209.0
P143,Xross,T26,Pacific,kr,정환,18,决斗者,决斗者|先锋,true,false,91,99,73,64,2,663000,966000,2,73,84,4209,1.14,Phoenix|Sova|Fade,定海神针|生存大师|稳定输出,87,83,95,90,95,90,94,77,1.09,201.0,1158.0
P144,Dambi,T26,Pacific,kr,이혁규,19,决斗者,决斗者|哨卫,true,false,85,97,76,74,15,402000,566000,3,55,58,5452,2.88,,突破手|核心火力|玻璃大炮,84,89,76,76,85,77,75,64,1.02,221.0,1158.0
P145,Ivy,T26,Pacific,kr,Ayarha Ximena Trompetero Cruz,20,控场,控场,false,false,82,93,66,75,12,313000,421000,2,76,69,5452,2.32,,,80,76,82,80,86,75,83,66,1.0,193.0,1158.0
P146,Rb,T26,Pacific,kr,구상민,24,控场,控场,false,false,82,83,67,79,19,313000,304000,1,59,73,11602,-1.45,,,73,80,84,89,85,86,86,73,0.99,176.0,1158.0
P147,Francis,T26,Pacific,kr,김무빈,19,决斗者,决斗者,false,true,85,99,70,82,4,402000,576000,4,69,71,5452,1.55,,,83,85,81,77,86,85,85,81,0.98,213.0,1158.0
P148,Karon,T27,Pacific,kr,김원태,23,控场,控场,false,false,91,99,70,86,7,663000,766000,2,67,64,6795,-1.57,Omen|Astra|Harbor,定海神针|生存大师|串联核心|稳定输出,90,82,95,95,95,95,94,80,1.09,206.0,860.0
P149,Raxcal,T27,Pacific,kr,김민석,17,哨卫,哨卫|决斗者,true,false,73,83,71,63,15,148000,177000,4,55,81,2462,0,Sage|Phoenix|Vyse,,71,77,73,74,74,74,76,62,1.06,201.0,312.0
P150,t3xture,T27,Pacific,kr,김나라,26,哨卫,哨卫|决斗者,true,false,88,92,69,77,18,516000,386000,1,46,82,10119,0.7,Chamber|Raze|Phoenix,突破手|核心火力|玻璃大炮,90,95,80,69,95,75,81,63,1.05,226.0,860.0
P151,Ash,T27,Pacific,kr,Ash Bang,22,决斗者,决斗者|先锋,true,false,79,89,70,80,19,244000,249000,4,45,85,5580,0.55,,,75,80,82,73,84,82,80,66,0.97,197.0,822.0
P152,ZynX,T27,Pacific,kr,김동하,18,决斗者,决斗者,false,false,58,67,69,84,2,42000,42000,3,32,46,3043,0,,,65,63,52,55,53,51,53,44,0.86,194.0,405.0
P153,Efina,T27,Pacific,kr,김낙연,24,先锋,先锋,false,true,58,60,72,79,3,39000,29000,1,45,55,5436,0,,,46,50,61,68,48,60,68,65,0.78,149.0,312.0
P154,HYUNMIN,T28,Pacific,kr,송현민,19,决斗者,决斗者,false,false,86,99,70,82,8,437000,628000,4,15,58,5171,-1.97,Phoenix|Raze|Yoru,核心火力,93,91,84,70,94,78,84,65,1.09,229.0,1054.0
P155,MaKo,T28,Pacific,kr,김명관,23,控场,控场,false,false,88,95,69,77,1,516000,570000,3,53,98,11999,-1.23,,定海神针|串联核心,84,80,90,94,91,94,92,79,1.05,196.0,1054.0
P156,BeYN,T28,Pacific,kr,강하빈,22,先锋,先锋,false,true,82,88,66,67,6,288000,293000,2,25,63,7637,-0.03,,生存大师,70,72,88,87,83,86,92,85,0.98,180.0,1054.0
P157,free1ng,T28,Pacific,kr,노하준,24,决斗者,决斗者,false,false,72,76,65,72,0,136000,121000,1,57,76,6723,-1.77,,,75,76,73,64,80,70,74,58,0.94,192.0,1054.0
P158,yong,T28,Pacific,kr,김호용,17,哨卫,哨卫,false,false,62,77,71,82,15,59000,65000,4,57,38,2616,0,,,64,66,60,64,61,59,64,51,0.9,185.0,477.0
P159,Flicker,T28,Pacific,kr,윤태희,18,决斗者,决斗者,false,false,51,58,67,77,13,24000,21000,1,38,98,2585,0,,,49,59,48,55,46,52,52,44,0.67,149.0,196.0
P160,eKo,T29,Pacific,kr,염왕룡,22,决斗者,决斗者|先锋,true,false,76,82,68,78,1,190000,180000,2,73,98,7558,0,Yoru|Kayo|Sova,,77,78,74,72,76,77,74,63,0.97,194.0,742.0
P161,Absol,T29,Pacific,jp,,19,决斗者,决斗者|哨卫,true,false,77,85,65,86,1,190000,234000,3,55,73,4447,0,,突破手|核心火力|玻璃大炮,81,87,66,67,80,62,66,54,0.96,214.0,742.0
P162,SyouTa,T29,Pacific,jp,青木 翔太,22,控场,控场,false,false,64,71,71,72,10,70000,58000,2,52,47,6563,0,,爆头机器,68,70,62,66,61,55,65,50,0.92,188.0,742.0
P163,SugarZ3ro,T29,Pacific,jp,渡邊 翔太,22,控场,控场,false,true,79,82,61,84,3,224000,214000,1,75,78,6705,0,,串联核心|苟,70,64,80,87,73,84,86,83,0.91,180.0,742.0
P164,Xdll,T29,Pacific,jp,,20,先锋,先锋,false,false,62,78,67,87,9,59000,66000,4,28,86,5996,0,,,60,62,61,69,59,56,64,52,0.88,167.0,742.0
P165,STYRON,T30,Pacific,sg,Tidus Goh Zhen Wei,24,先锋,先锋,false,true,73,76,77,77,10,148000,132000,4,65,66,8628,0,,生存大师,64,63,78,81,69,77,83,79,1.0,191.0,270.0
P166,Sylvan,T30,Pacific,kr,고영섭,24,控场,控场,false,false,83,84,69,89,10,340000,334000,3,65,54,7310,1.34,,串联核心,74,69,83,90,77,88,85,74,0.99,187.0,672.0
P167,kellyS,T30,Pacific,ph,Kelly Kent Sedillo,25,决斗者,决斗者,false,false,73,75,79,82,16,148000,113000,2,56,38,7185,0,,,73,77,74,70,70,77,73,62,0.99,208.0,672.0
P168,Zeus,T30,Pacific,ph,ยุทธนากร แก้วกองใหญ่,23,决斗者,决斗者,false,false,82,87,62,87,7,313000,316000,4,81,94,2983,0,,突破手|核心火力|玻璃大炮,85,89,76,67,83,76,80,62,0.96,219.0,398.0
P169,natz,T30,Pacific,id,,26,哨卫,哨卫,false,false,52,53,73,84,7,26000,12000,1,24,84,8530,0,,,52,57,49,61,46,51,54,45,0.84,178.0,226.0
P170,Meiy,T31,Pacific,jp,関 芽生,22,决斗者,决斗者,false,false,88,94,70,78,2,516000,565000,3,63,47,7124,0,,突破手|核心火力,92,95,84,69,95,77,84,64,1.1,240.0,951.0
P171,Akame,T31,Pacific,kr,유광희,22,先锋,先锋,false,false,83,89,74,74,10,340000,351000,2,53,46,5593,0,Sova|Fade|Skye,,84,83,81,84,86,80,85,70,1.01,202.0,951.0
P172,yatsuka,T31,Pacific,jp,,18,决斗者,决斗者,false,false,65,80,69,64,1,76000,86000,4,75,71,3973,0,,,65,64,65,65,65,67,65,56,0.93,179.0,951.0
P173,SSeeS,T31,Pacific,jp,沖村 智紀,28,控场,控场,false,true,67,67,72,77,19,83000,32000,1,42,79,3009,0,,串联核心|苟,52,51,69,79,57,73,76,74,0.92,163.0,951.0
P174,Caedye,T31,Pacific,jp,,18,哨卫,哨卫,false,false,66,77,69,75,6,83000,92000,3,57,44,4046,0,,,73,73,62,67,64,60,64,53,0.9,197.0,951.0
P175,Jemkin,T32,Pacific,ru,Максим Баторов,21,决斗者,决斗者,false,false,85,95,72,80,12,402000,555000,3,67,53,7464,-4,,突破手|核心火力,93,96,85,70,97,78,85,65,1.13,220.0,1098.0
P176,xffero,T32,Pacific,id,David Sean Michael Monangin,24,控场,控场,false,false,81,85,74,82,3,288000,285000,1,53,67,11674,-3.95,,稳定输出,82,79,89,85,90,82,88,71,1.06,200.0,1160.0
P177,Monyet,T32,Pacific,id,I Made Adhi Cahya Nugraha,20,控场,控场,false,false,77,87,67,55,7,206000,259000,4,47,66,9264,-1.69,Omen|Astra|Harbor,,79,81,74,76,78,82,76,66,0.96,204.0,1160.0
P178,crazyguy,T32,Pacific,vn,Ngô Công Anh,29,控场,控场|哨卫,true,true,69,69,71,88,6,97000,38000,1,33,72,9775,-3.29,,串联核心,61,64,71,86,66,75,77,77,0.94,180.0,1160.0
P179,Kushy,T32,Pacific,id,Bryan Carlos Setiawan,23,先锋,先锋,false,false,77,84,66,55,13,206000,200000,2,48,76,10404,-1.34,,,72,70,83,83,76,81,84,69,0.91,174.0,931.0
P180,Xan,T32,Pacific,my,Xan Ng,18,决斗者,决斗者,false,false,63,77,71,74,17,64000,71000,4,77,55,6423,0,,玻璃大炮,67,73,55,56,57,57,59,48,0.87,201.0,291.0
P181,primmie,T33,Pacific,th,ปภาพัฒน ศรีประภา,21,哨卫,哨卫|决斗者,true,false,94,99,79,64,2,851000,1249000,3,67,64,3244,2.98,Deadlock|Waylay|Jett,核心火力,96,94,88,72,98,82,87,68,1.23,255.0,1135.0
P182,Killua,T33,Pacific,th,,22,先锋,先锋,false,false,82,86,71,80,3,313000,313000,2,65,83,7956,-4,,爆头机器|定海神针|生存大师|稳定输出,84,83,90,87,87,87,90,74,1.02,193.0,1135.0
P183,JitBoyS,T33,Pacific,th,,22,决斗者,决斗者,false,false,73,77,67,84,0,148000,133000,2,42,61,6543,-4,,,78,78,75,70,80,76,76,62,0.96,202.0,1135.0
P184,Leviathan,T33,Pacific,th,,27,控场,控场,false,false,70,72,73,92,17,115000,68000,1,38,74,7787,-4,,爆头机器,69,68,74,82,72,75,76,65,0.94,178.0,779.0
P185,seph1roth,T33,Pacific,th,ชินกฤต ภูเจริญ,22,哨卫,哨卫,false,false,60,70,73,61,10,50000,41000,3,40,67,7601,0,,爆头机器,59,64,62,61,56,59,66,50,0.9,178.0,356.0
P186,Crws,T33,Pacific,th,ธนเมธส์ มหัทธนานุยุตติ,29,控场,控场,false,true,58,59,73,74,7,42000,15000,1,69,69,9868,-4,,,50,52,61,75,53,66,70,69,0.89,164.0,898.0
P187,thyy,T33,Pacific,th,,19,决斗者,决斗者,false,false,68,82,52,78,20,97000,114000,4,49,85,1710,0,,,68,69,71,65,67,71,70,58,0.78,169.0,237.0
P188,Autumn,T34,Pacific,au,윤으뜸,34,决斗者,决斗者,false,false,84,85,70,77,8,370000,176000,1,64,74,11554,-1.18,Veto|Yoru|Phoenix,,88,88,83,72,92,79,82,65,1.05,208.0,1255.0
P189,PatMen,T34,Pacific,ph,John Patrick Ramos Mendoza,24,控场,控场|先锋,true,false,82,85,79,74,11,313000,310000,2,63,52,8167,-2.71,Omen|Viper|Skye,稳定输出,85,83,84,86,85,83,86,71,1.04,222.0,1255.0
P190,UdoTan,T34,Pacific,kr,고경원,21,决斗者,决斗者,false,false,83,90,69,62,16,340000,447000,4,65,64,4956,0.89,Raze|Neon|Jett,核心火力,87,88,78,66,87,73,79,61,1.01,215.0,1255.0
P191,Kr1stal,T34,Pacific,ru,Савва Фёдоров,22,先锋,先锋,false,false,84,90,68,64,20,370000,386000,3,54,44,7368,3.18,,,76,78,84,82,86,77,84,68,0.98,180.0,1255.0
P192,xavi8k,T34,Pacific,ph,Xavier Juan,24,控场,控场|哨卫,true,true,77,78,73,83,4,190000,173000,1,60,65,9239,-3.89,Astra|Omen|Cypher,,69,74,82,87,79,84,88,84,0.98,182.0,1255.0
P193,Foxy9,T35,Pacific,kr,정재성,21,哨卫,哨卫|控场,true,false,80,83,88,62,16,265000,323000,2,57,53,6000,-2.22,Cypher|Viper|Chamber,爆头机器,85,84,84,76,87,78,83,66,1.16,235.0,329.0
P194,XuNa,T35,Pacific,kr,김태건,18,先锋,先锋,false,false,88,99,68,82,9,516000,746000,4,60,29,3413,0,Fade|Sova|Tejo,生存大师|稳定输出,90,78,94,88,93,87,92,75,1.08,201.0,753.0
P195,oonzmlp,T35,Pacific,kr,신상범,19,哨卫,哨卫|决斗者|控场,true,false,84,98,72,76,16,370000,523000,3,48,42,4573,0,Sage|Phoenix|Astra,残局王,84,82,83,84,87,86,84,71,1.03,200.0,753.0
P196,Klaus,T35,Pacific,kr,Nicolás Martin Ferrari,24,决斗者,决斗者,false,false,65,66,73,86,20,76000,60000,2,55,71,3943,0,,,65,67,64,64,65,65,64,54,0.93,179.0,616.0
P197,Zexy,T35,Pacific,kr,장석현,19,决斗者,决斗者,false,false,62,73,67,76,0,59000,63000,3,49,65,4055,0,,突破手|玻璃大炮,68,74,50,52,57,49,54,43,0.87,201.0,753.0
P198,C1ndeR,T35,Pacific,kr,고재혁,26,控场,控场,false,true,58,62,73,85,1,42000,22000,1,80,45,6415,0,,串联核心,48,49,54,75,45,62,62,66,0.75,148.0,599.0
P199,CHICHOO,T36,China,cn,万顺治,22,哨卫,哨卫|控场,true,false,89,98,74,88,1,561000,639000,3,55,86,13099,-0.22,Cypher|Viper|Omen,稳定输出,90,78,93,89,96,87,92,75,1.12,203.0,1763.0
P200,ZmjjKK,T36,China,cn,郑永康,21,决斗者,决斗者,false,false,85,93,73,64,14,402000,545000,4,36,50,14046,0.01,,突破手|核心火力|玻璃大炮,89,94,76,69,92,73,78,62,1.05,239.0,1763.0
P201,Smoggy,T36,China,cn,张钊,23,控场,控场,false,false,90,99,68,82,19,610000,703000,2,46,89,12747,-0.22,,定海神针|串联核心|稳定输出,86,80,92,94,91,93,91,78,1.04,201.0,1763.0
P202,nobody,T36,China,cn,王森旭,23,先锋,先锋,false,true,74,79,69,80,7,148000,135000,1,79,41,13684,-0.56,,,72,65,74,80,76,74,82,77,0.92,182.0,1763.0
P203,Jieni7,T36,China,cn,张君泰,20,先锋,先锋,false,false,70,80,69,78,8,115000,133000,2,59,53,2765,-1.03,,,66,63,70,81,67,74,74,64,0.92,183.0,1282.0
P204,happywei,T37,China,tw,鄧閔維,21,控场,控场|哨卫,true,false,90,97,73,59,10,610000,870000,3,63,72,6024,-1.31,Omen|Viper|Cypher,核心火力|爆头机器|定海神针,96,85,91,91,97,91,93,77,1.15,225.0,1640.0
P205,Lysoar,T37,China,cn,梁优好,20,控场,控场|哨卫,true,false,83,91,71,82,3,340000,451000,4,69,53,8031,-2.8,Omen|Harbor|Vyse,定海神针|生存大师|稳定输出,78,71,91,90,87,89,90,75,1.04,195.0,1640.0
P206,Rarga,T37,China,ru,Артур Чурюмов,24,哨卫,哨卫|决斗者,true,false,82,85,61,80,10,313000,310000,1,64,55,6508,-3.5,Chamber|Jett|Phoenix,核心火力|玻璃大炮,91,89,81,68,91,76,82,63,0.98,220.0,1640.0
P207,WsLeo,T37,China,tw,黄品维,24,先锋,先锋,false,true,80,82,73,64,16,244000,233000,2,75,56,3439,-4,,定海神针|串联核心,76,70,89,89,83,89,93,87,0.98,188.0,1640.0
P208,NoMan,T37,China,hk,文家傑,21,决斗者,决斗者,false,false,66,70,65,71,5,83000,86000,1,31,60,4774,-0.09,,,65,73,63,59,66,62,65,51,0.88,177.0,1593.0
P209,Sharks,T37,China,cn,,23,自由人,自由人,false,false,67,76,76,88,15,90000,79000,2,91,66,119,0,,,67,66,68,68,68,63,69,56,,231.0,119.0
P210,slowly,T38,China,cn,孙科伦,24,哨卫,哨卫|控场,true,false,91,96,66,78,15,663000,745000,2,59,47,3155,0,Chamber|Astra|Omen,核心火力|定海神针,95,84,91,91,98,90,94,77,1.16,222.0,1583.0
P211,Erv,T38,China,cn,沈志伟,21,控场,控场|先锋|决斗者,true,false,91,99,67,77,9,663000,966000,3,76,60,2174,0,Omen|Kayo|Waylay,定海神针|串联核心|稳定输出,88,78,92,96,92,95,93,80,1.1,197.0,1583.0
P212,splash,T38,China,id,Moses Christophe Jonathan,18,决斗者,决斗者,false,false,89,99,70,68,3,561000,813000,4,42,55,3986,0,Neon|Raze|Jett,突破手|核心火力|玻璃大炮,93,95,81,74,94,82,83,67,1.07,249.0,1583.0
P213,Scales,T38,China,cn,张震,21,控场,控场|哨卫,true,false,85,93,71,75,9,402000,545000,4,64,24,2548,0,Viper|Cypher|Sage,稳定输出,87,78,88,85,90,82,88,71,1.04,198.0,1583.0
P214,SiuFatBB,T38,China,hk,龐加曦,26,先锋,先锋,false,true,75,77,72,66,19,161000,101000,2,81,42,8597,-0.62,Fade|Sova|Skye,生存大师,64,63,81,84,76,78,85,80,0.97,162.0,997.0
P215,sword9,T38,China,cn,李卫,30,先锋,先锋,false,false,65,66,70,85,18,76000,29000,1,75,85,1045,0,,苟,55,53,70,74,61,69,73,60,0.88,156.0,1045.0
P216,xihe,T38,China,cn,,22,先锋,先锋,false,false,71,75,56,77,12,125000,110000,3,63,76,205,0,,生存大师|苟,65,57,76,81,66,74,76,65,,173.0,205.0
P217,yosemite,T39,China,cn,王磊,23,哨卫,哨卫,false,false,77,85,74,78,2,206000,202000,3,23,75,10225,-4,Vyse|Cypher|Killjoy,,87,79,79,79,88,74,77,64,1.05,205.0,1183.0
P218,Spring,T39,China,tw,劉俊霆,22,控场,控场,false,false,90,95,65,80,2,610000,677000,4,85,57,9820,4.21,Viper|Omen,核心火力,89,84,80,90,89,83,84,72,1.03,207.0,1183.0
P219,Deryeon,T39,China,sg,Derrick Yee Dong Ting,25,控场,控场,false,false,76,78,79,66,8,190000,151000,2,45,39,10293,0,,,69,78,73,82,72,78,79,66,0.98,191.0,519.0
P220,aluba,T39,China,cn,钟皓钧,25,先锋,先锋,false,true,74,77,74,82,8,148000,115000,2,76,25,3801,0,,生存大师|苟,64,63,80,80,69,78,85,79,0.93,170.0,519.0
P221,glacier,T39,China,tw,黃家暉,27,决斗者,决斗者,false,false,70,70,65,79,18,115000,67000,1,63,72,2228,0,,玻璃大炮,77,80,59,60,68,60,63,51,0.91,218.0,823.0
P222,AAAAY,T40,China,cn,张杨,23,控场,控场,false,false,81,88,75,73,10,288000,293000,2,47,59,9323,-3.91,,爆头机器|生存大师,89,76,89,83,92,79,87,69,1.1,206.0,1009.0
P223,coconut,T40,China,hk,鍾弘祖,22,先锋,先锋,false,false,76,84,72,81,18,190000,184000,4,49,59,6887,-4,Sova|Fade|Tejo,苟,71,66,85,88,82,85,85,73,1.01,181.0,1537.0
P224,KovaQ,T40,China,ch,Blendi Kovaci,22,控场,控场|哨卫,true,true,82,84,72,84,19,265000,259000,2,68,48,8076,0,,,78,79,80,87,79,81,87,81,0.97,191.0,868.0
P225,Xlele,T40,China,cn,赵炎博,21,决斗者,决斗者,false,false,73,77,68,89,8,148000,167000,1,55,37,1474,0,,,79,70,73,62,76,68,73,57,0.97,201.0,951.0
P226,Setrod,T40,China,tw,欧泰赓,21,决斗者,决斗者,false,false,73,81,70,80,7,148000,174000,3,41,55,2624,0,,,77,76,70,63,76,68,72,56,0.95,205.0,1009.0
P227,swagzor,T41,China,ru,Михаил Ванюшин,17,决斗者,决斗者,false,false,86,99,66,69,14,437000,628000,4,42,60,4325,0,Neon|Raze|Waylay,突破手|核心火力|玻璃大炮,91,93,79,69,90,77,82,64,1.0,258.0,761.0
P228,Ezeir,T41,China,cn,赵泽骏,23,控场,控场,false,true,90,93,58,76,1,610000,664000,2,44,72,3590,0,Omen|Astra|Harbor,串联核心|稳定输出,86,76,92,95,93,93,95,91,0.98,192.0,962.0
P229,cb,T41,China,cn,王晴川,22,决斗者,决斗者|哨卫|先锋,true,false,69,73,70,79,14,106000,91000,3,70,75,3912,-4,Phoenix|Killjoy|Skye,,76,68,70,71,78,73,71,61,0.96,194.0,806.0
P230,qiutiaN,T41,China,tw,慕英毕强,26,先锋,先锋,false,false,73,76,75,82,11,148000,92000,1,40,54,1334,0,,,67,65,76,80,73,75,79,65,0.96,187.0,1050.0
P231,GuanG,T41,China,cn,光洪霖,21,哨卫,哨卫,false,false,75,84,66,88,10,175000,212000,4,77,46,4634,0,,,82,70,75,70,83,67,76,58,0.92,200.0,962.0
P232,GREEN,T41,China,tw,,23,决斗者,决斗者,false,false,55,65,67,81,11,33000,25000,3,68,63,2187,0,,苟,59,51,57,58,50,55,53,47,0.82,174.0,637.0
P233,whzy,T42,China,cn,王昊哲,22,决斗者,决斗者,false,false,85,94,65,67,15,402000,437000,3,35,90,11772,-4,Raze|Neon|Yoru,突破手|核心火力|玻璃大炮,92,95,84,73,96,81,85,67,1.09,236.0,1167.0
P234,nephh,T42,China,sg,陈凯文,22,控场,控场,false,true,85,92,70,81,13,402000,429000,2,50,41,8306,-3.69,,定海神针|串联核心|稳定输出,80,77,91,94,89,94,96,91,1.05,206.0,1260.0
P235,Knight,T42,China,cn,刘宇翔,22,先锋,先锋|哨卫,true,false,82,89,71,74,16,313000,322000,2,34,64,11150,-3.67,Sova|Cypher|Fade,稳定输出,82,75,90,89,92,87,90,75,1.04,192.0,1059.0
P236,rushia,T42,China,cn,王晓杰,19,控场,控场,false,false,82,95,64,65,13,313000,429000,4,73,53,4287,-3.92,,,82,75,86,92,89,90,90,76,1.0,198.0,1260.0
P237,yilai,T42,China,cn,,25,决斗者,决斗者,false,false,61,64,69,81,14,54000,36000,1,46,74,609,0,,,65,60,59,61,60,60,59,50,0.98,224.0,507.0
P238,bud,T42,China,cn,杨韧余,19,先锋,先锋,false,false,59,72,72,83,10,46000,48000,4,70,62,668,0,,,54,50,59,71,54,59,63,53,0.89,166.0,528.0
P239,FT,T42,China,cn,,23,控场,控场,false,false,59,67,61,66,13,46000,36000,1,87,47,1158,0,,,56,53,58,69,54,57,63,51,0.82,177.0,318.0
P240,f4ngeer,T43,China,ru,Роман Смирнов,18,决斗者,决斗者|哨卫,true,false,86,93,70,69,9,437000,594000,4,87,52,5882,-3.2,Neon|Jett|Chamber,突破手|核心火力,95,97,81,70,97,75,81,63,1.12,231.0,1372.0
P241,Shr1mp,T43,China,cn,杨勇,22,先锋,先锋,false,false,82,92,73,82,14,313000,331000,2,45,62,4249,-4,Fade|Sova|Skye,生存大师,78,74,93,89,92,88,91,76,1.07,189.0,1604.0
P242,K1ra,T43,China,cn,黄志豪,21,决斗者,决斗者,false,true,80,87,64,87,16,244000,308000,1,44,52,3344,-1.85,,,83,77,81,76,86,84,85,80,1.0,211.0,1604.0
P243,iamgrq,T43,China,cn,高锐琦,21,控场,控场,false,false,78,88,74,71,15,224000,285000,3,46,65,2262,-4,,定海神针|串联核心,74,68,84,90,80,89,87,74,0.99,196.0,1604.0
P244,Bai,T43,China,cn,张泽洋,21,哨卫,哨卫,false,false,67,74,66,84,13,90000,97000,2,94,28,1204,0,,,65,63,68,69,66,67,71,57,0.9,189.0,789.0
P245,deLb,T44,China,id,Delbert Tanoto,21,哨卫,哨卫|控场,true,false,84,92,76,75,17,370000,496000,4,72,86,8702,0,Cypher|Viper|Vyse,爆头机器,89,85,84,82,90,78,85,68,1.1,211.0,1286.0
P246,Kai,T44,China,cn,卢智楠,22,决斗者,决斗者,false,false,81,89,66,74,12,288000,295000,3,53,74,6369,0.74,,核心火力,88,80,75,66,88,70,75,59,1.0,214.0,1217.0
P247,LuoK1ng,T44,China,cn,张展鹏,23,控场,控场,false,false,80,85,76,63,2,265000,261000,2,59,52,9657,0.41,,串联核心|苟,69,65,83,88,77,86,84,73,0.99,182.0,842.0
P248,FengF,T44,China,cn,宋学峰,22,先锋,先锋,false,false,76,80,70,78,9,190000,177000,3,85,61,9670,-2.38,,,83,75,75,80,81,75,82,66,0.99,198.0,842.0
P249,Abo,T44,China,cn,韩博皓,21,控场,控场,false,false,71,74,67,61,2,125000,137000,2,64,65,5590,0,,,74,67,70,74,75,66,75,59,0.94,184.0,661.0
P250,Viva,T44,China,cn,冉立凡,25,先锋,先锋,false,true,73,76,59,84,18,148000,114000,1,67,52,721,-1.33,,苟,66,62,80,80,74,77,85,78,0.88,168.0,721.0
P251,FKEY,T44,China,cn,,25,先锋,先锋,false,false,57,62,65,78,3,39000,25000,1,66,58,841,0,,,55,54,53,70,50,57,60,52,0.77,180.0,565.0
P252,zhe,T45,China,cn,牛哲,21,决斗者,决斗者,false,false,80,88,69,63,4,265000,339000,3,92,76,2278,0,,核心火力,83,80,79,69,86,77,80,63,1.03,220.0,1642.0
P253,Yuicaw,T45,China,tw,黃湧傑,21,哨卫,哨卫,false,false,75,79,74,70,19,175000,203000,2,50,40,10812,-2.61,,,81,76,75,80,81,77,77,65,1.0,200.0,1642.0
P254,crownfisher,T45,China,cn,,23,控场,控场,false,false,74,79,68,79,14,161000,147000,1,46,51,662,0,,,72,65,74,82,74,74,76,65,0.99,195.0,662.0
P255,jkuro,T45,China,cn,楊浩聰,20,控场,控场,false,true,75,89,68,81,5,175000,222000,4,61,72,6579,0,,,72,66,71,84,73,76,80,78,0.94,188.0,1642.0
P256,BerLIN,T45,China,tw,張柏霖,21,先锋,先锋,false,false,66,72,68,83,8,83000,88000,2,66,62,10943,-0.31,,串联核心,60,55,66,79,57,74,73,63,0.86,169.0,1031.0
P257,vo0kashu,T46,China,ru,Илья Ушаков,23,哨卫,哨卫|控场,true,false,92,98,71,81,6,720000,827000,3,77,77,12049,0.2,Cypher|Viper,核心火力|定海神针|生存大师|稳定输出,95,87,97,82,98,87,92,73,1.24,225.0,1597.0
P258,Nicc,T46,China,tw,邵亦群,23,先锋,先锋,false,false,85,90,70,66,13,402000,420000,2,35,60,7890,-0.5,,定海神针|生存大师|串联核心,77,70,92,93,87,93,91,79,1.02,186.0,1597.0
P259,SpiritZ1,T46,China,tw,林定宇,19,决斗者,决斗者,false,false,77,84,71,74,4,206000,252000,4,50,79,4556,0.56,,核心火力|玻璃大炮,85,82,66,63,77,65,68,55,0.96,219.0,1597.0
P260,Flex1n,T46,China,cn,罗瑞,24,控场,控场,false,true,79,83,61,81,17,224000,216000,1,65,48,6797,-3.47,,定海神针|串联核心,71,67,84,90,79,89,90,87,0.93,176.0,1036.0
P261,Verse,T46,China,cn,,23,控场,控场,false,false,72,78,73,77,7,136000,123000,2,93,77,733,0,,爆头机器|串联核心|苟,64,57,75,82,63,79,77,66,0.93,177.0,597.0
P262,Life,T46,China,cn,瞿东豪,23,决斗者,决斗者,false,false,63,72,66,93,18,64000,54000,3,84,47,11771,-2.68,,核心火力|爆头机器|玻璃大炮,76,75,53,54,62,52,57,45,0.87,201.0,1380.0
P263,Coco,T47,China,cn,Omar Shariff M. Lopez,26,控场,控场,false,false,87,91,70,86,19,475000,351000,1,54,53,3144,0,Omen|Viper|Astra,生存大师|串联核心|稳定输出,86,72,89,92,87,90,88,76,1.06,204.0,1605.0
P264,ra1ny,T47,China,cn,陈葆桓,26,决斗者,决斗者,false,false,68,70,79,80,10,97000,56000,1,83,65,524,0,Neon|Raze,,74,75,60,61,68,59,62,51,1.05,222.0,479.0
P265,lucas,T47,China,cn,路昀昆,19,先锋,先锋,false,false,85,99,74,71,2,402000,576000,4,72,63,16718,0,,,84,77,88,87,90,84,87,73,1.03,201.0,1605.0
P266,Dynamite,T47,China,cn,赵梓浩,20,决斗者,决斗者,false,false,73,81,71,74,0,148000,174000,3,81,84,2367,0,,玻璃大炮,78,71,68,68,76,71,70,59,0.96,205.0,1605.0
P267,Haodong,T47,China,cn,郭浩东,23,控场,控场|哨卫,true,true,70,77,70,60,4,97000,86000,2,57,63,11610,-3.5,,,63,59,75,84,69,74,79,76,0.93,180.0,1605.0
P268,Spitfires,T47,China,cn,辛明阳,22,决斗者,决斗者,false,false,69,76,66,77,13,106000,93000,2,45,72,3627,0,,玻璃大炮,76,75,60,58,68,58,63,50,0.89,190.0,871.0
P269,NiSMO,T48,Americas,,,21,先锋,先锋,false,true,83,85,99,75,11,44000,391000,1,52,93,12718,0,,串联核心,81,80,79,88,79,86,89,85,1.24,235.0,20.0
P270,Boni,T48,Americas,,Mark Bonifacio,21,决斗者,决斗者,false,false,79,87,99,74,5,34000,308000,3,69,64,19338,0,,突破手|核心火力|玻璃大炮,84,87,68,72,78,73,70,61,1.24,262.0,20.0
P271,alvinboy,T48,Americas,,Alvin Hong,19,哨卫,哨卫,false,false,59,70,99,70,14,6000,47000,4,95,57,17689,0,,,63,67,54,63,52,56,59,49,1.15,212.0,20.0
P272,Spaz,T48,Americas,,Adam Laamoumi,22,控场,控场,false,false,83,87,63,72,15,48000,344000,1,67,71,20901,0,,定海神针|串联核心,71,69,87,92,81,90,87,76,1.08,185.0,20.0
P273,Kyu,T48,Americas,ca,Mirel Braco Hrustemovic,22,先锋,先锋,false,false,74,80,72,72,10,23000,149000,2,46,47,10247,0,,,66,68,75,83,71,78,78,67,0.87,167.0,232.0
P274,Smoke,T49,Americas,,,19,决斗者,决斗者,false,false,77,87,74,82,14,29000,259000,2,77,81,9105,0,,,80,84,73,64,81,65,71,56,1.21,228.0,29.0
P275,NaturE,T49,Americas,,,21,先锋,先锋,false,false,73,80,99,71,18,21000,172000,2,66,84,10272,0,,生存大师|串联核心,64,63,78,83,64,81,80,69,1.13,195.0,29.0
P276,zander,T49,Americas,,Alexander Dituri,24,控场,控场,false,true,81,85,82,62,4,40000,285000,1,52,31,14807,0,,定海神针|串联核心,73,73,80,88,77,87,90,85,1.07,192.0,29.0
P277,exa,T49,Americas,,김이환,17,控场,控场|哨卫,true,false,71,84,65,70,15,16000,138000,4,86,55,12959,0,,,64,66,70,82,62,74,74,63,1.04,208.0,29.0
P278,satellite,T49,Americas,,Derrick Xu,20,决斗者,决斗者,false,false,64,77,59,71,9,10000,77000,3,39,54,16711,0,,突破手,69,75,55,55,58,56,60,47,1.0,208.0,29.0
P279,payne,T50,Americas,,,26,控场,控场,false,false,65,69,70,75,0,11000,43000,1,50,98,12167,0,,,57,58,63,77,56,69,68,59,1.07,190.0,26.0
P280,vita,T50,Americas,,,24,决斗者,决斗者,false,false,73,75,59,73,0,21000,130000,2,49,41,15507,0,,突破手|玻璃大炮,79,83,64,63,69,66,67,55,1.02,228.0,26.0
P281,Pa1nt,T50,Americas,,Amarri Peak,21,决斗者,决斗者,false,false,70,75,99,66,10,16000,127000,3,64,74,19321,0,,突破手|核心火力|玻璃大炮,77,81,58,62,64,62,62,52,0.98,204.0,26.0
P282,welyy,T50,Americas,,Carter Mikkelsen,20,先锋,先锋,false,true,76,86,52,70,6,27000,236000,4,45,84,22159,0,,串联核心|苟,65,62,80,87,72,82,85,83,0.96,172.0,26.0
P283,zaj,T50,Americas,,,25,哨卫,哨卫,false,false,58,59,59,81,7,6000,27000,1,55,63,14111,0,,,66,66,52,62,52,53,57,47,0.96,188.0,26.0
P284,haeyoday,T51,Americas,,,21,决斗者,决斗者,false,false,82,86,57,71,20,44000,395000,2,65,80,10165,0,,突破手|核心火力,88,91,71,66,86,66,72,57,1.09,219.0,25.0
P285,Ange,T51,Americas,,Adam Milian,23,控场,控场|哨卫,true,true,72,75,62,66,15,16000,101000,3,43,73,23975,0,,串联核心,60,62,72,84,64,75,77,76,1.01,182.0,25.0
P286,Shondex,T51,Americas,,Yahya Amani,20,控场,控场,false,false,72,82,52,79,11,19000,161000,4,45,65,18126,0,,,71,73,73,74,73,68,76,60,0.98,197.0,25.0
P287,renz,T51,Americas,,Austin Dickman,23,先锋,先锋,false,false,68,73,52,73,5,14000,83000,2,79,78,27698,0,,,66,68,66,75,62,68,71,60,0.95,185.0,25.0
P288,geeza,T51,Americas,,Tanner McGhee,24,先锋,先锋,false,false,68,71,43,70,14,14000,82000,1,60,46,20577,0,,,69,71,66,72,66,64,71,57,0.87,183.0,25.0
P289,Derrek,T52,Americas,,Derrek Ha,28,先锋,先锋,false,false,85,85,93,60,19,56000,192000,1,45,46,11778,0,,生存大师|稳定输出,83,76,90,87,88,85,88,73,1.17,214.0,24.0
P290,moose,T52,Americas,,Kaleb Jayne,27,控场,控场,false,false,71,73,79,86,10,18000,75000,2,81,72,23049,0,,生存大师,66,70,77,72,78,64,76,58,1.02,186.0,24.0
P291,kumi,T52,Americas,,Matthew Skalberg,20,决斗者,决斗者,false,false,68,82,59,75,1,14000,114000,4,36,48,16634,0,,,71,76,63,59,69,60,65,51,1.02,208.0,24.0
P292,infiltrator,T52,Americas,vn,Philip Nguyen,21,决斗者,决斗者|哨卫,true,false,65,72,67,66,5,10000,74000,3,54,31,16178,0,,突破手|玻璃大炮,72,78,54,57,57,52,57,45,0.86,206.0,164.0
P293,flyuh,T52,Americas,,Xavier Carlson,22,控场,控场,false,true,62,65,69,81,10,8000,46000,3,62,76,18571,0,,,62,56,58,70,50,63,70,66,0.84,168.0,24.0
P294,sonofcar,T53,Americas,,Carson Young,21,决斗者,决斗者,false,false,77,87,79,74,12,29000,259000,3,66,53,24475,0,,突破手|核心火力|玻璃大炮,83,87,66,64,75,66,69,56,1.22,267.0,20.0
P295,toozy,T53,Americas,,Anthony De Leon,20,控场,控场,false,true,76,84,68,79,13,27000,231000,3,39,77,21400,0,,生存大师|串联核心|苟,62,59,80,86,69,84,85,82,1.08,190.0,18.0
P296,stellar,T53,Americas,,Brenden McGrath,29,哨卫,哨卫,false,false,59,59,66,72,16,6000,16000,1,87,68,20207,0,,苟,53,50,65,68,53,66,65,55,1.02,186.0,20.0
P297,stunna,T53,Americas,,Riley Stunard,19,决斗者,决斗者,false,false,72,84,52,71,1,19000,164000,4,50,52,19545,0,,突破手,78,80,62,64,67,64,65,54,0.95,193.0,20.0
P298,zeek,T53,Americas,,Aleksander Zygmunt,24,先锋,先锋,false,false,66,70,55,78,10,12000,68000,2,82,36,22181,0,,串联核心,56,56,67,79,56,74,72,63,0.91,178.0,20.0
P299,Muddy,T54,Americas,,Bradley Saephan,28,决斗者,决斗者,false,false,82,83,49,73,10,44000,145000,1,70,55,12268,0,,,84,84,80,73,84,79,78,65,1.02,221.0,21.0
P300,atlas,T54,Americas,,David Griffiths,21,决斗者,决斗者,false,false,65,74,63,73,13,11000,82000,4,43,68,17464,0,,,70,70,58,63,61,61,59,52,1.01,221.0,17.0
P301,XXiF,T54,Americas,,,25,哨卫,哨卫,false,false,73,74,52,73,2,21000,112000,2,74,75,14257,0,,,73,75,73,74,75,71,74,61,0.98,192.0,21.0
P302,stallion,T54,Americas,,,26,控场,控场,false,true,73,75,52,79,17,21000,91000,3,73,91,8546,0,,串联核心,63,63,72,85,65,78,79,79,0.97,180.0,19.0
P303,devy,T54,Americas,,,27,先锋,先锋,false,false,68,68,50,87,1,14000,55000,2,50,98,6256,0,,,66,70,65,74,64,66,72,59,0.94,172.0,21.0
P304,Zanatsu,T55,Americas,,Carlos Eduardo Mena,23,先锋,先锋,false,false,71,79,98,84,9,18000,114000,3,65,68,9079,0,,突破手|玻璃大炮,79,82,60,74,68,63,70,58,1.15,236.0,34.0
P305,tuyz,T55,Americas,,Arthur Vieira,22,控场,控场,false,true,79,85,94,71,1,31000,220000,2,76,73,8811,5,,,60,67,76,82,69,77,81,78,1.09,189.0,34.0
P306,Palla,T55,Americas,,Davi Alcides,20,决斗者,决斗者,false,false,62,73,99,70,11,8000,63000,4,74,84,5218,0,,突破手|玻璃大炮,72,76,48,53,53,49,53,43,1.08,238.0,34.0
P307,jzz,T55,Americas,,João Pedro do Amaral Silva,21,哨卫,哨卫,false,false,66,72,83,74,3,12000,88000,1,78,42,6450,0,,,69,73,65,64,63,62,69,53,1.01,199.0,34.0
P308,mazin,T55,Americas,,Matheus Araújo,26,先锋,先锋,false,false,56,60,99,89,14,5000,18000,1,49,54,7740,0,,,49,52,54,72,47,58,58,52,0.94,157.0,34.0
P309,Slaughter,T56,EMEA,,İrfancan Çakıl,19,控场,控场,false,true,68,80,70,73,7,13000,103000,3,82,75,4474,0,,生存大师|串联核心|苟,53,51,71,80,55,75,76,75,1.09,191.0,35.0
P310,wtex,T56,EMEA,,Muhammet Emin Kılıç,17,决斗者,决斗者,false,false,62,70,69,67,18,8000,61000,2,60,66,3323,0,,突破手|玻璃大炮,69,75,50,54,55,51,55,44,1.07,247.0,35.0
P311,mepeezy,T56,EMEA,,Enes Öztürk,19,决斗者,决斗者|哨卫,true,false,55,69,82,68,4,4000,30000,4,51,36,3529,0,,,55,59,53,62,48,56,53,47,1.07,222.0,35.0
P312,kabzi,T56,EMEA,,Mert Oal,19,控场,控场,false,false,54,67,79,67,3,4000,30000,3,93,87,3402,0,,,52,53,51,63,47,49,57,45,1.05,209.0,35.0
P313,ibonata,T56,EMEA,,İbrahim Taha Güler,19,先锋,先锋,false,false,57,65,67,76,8,5000,38000,1,88,66,5060,0,,串联核心,48,46,54,75,45,63,61,56,0.88,161.0,35.0
P314,samed,T57,EMEA,,Samed Topbas,18,决斗者,决斗者,false,false,64,73,79,83,9,10000,74000,4,48,77,3853,0,,突破手|玻璃大炮,72,77,51,53,57,50,55,44,1.12,245.0,13.0
P315,Wolfen,T57,EMEA,,Беркант Джошкун Юмер,22,哨卫,哨卫,false,false,59,66,75,72,3,6000,36000,2,53,62,9434,0,,,65,68,53,61,56,53,59,47,1.09,212.0,13.0
P316,Jady,T57,EMEA,,Ярослав Николаев,22,先锋,先锋,false,false,68,78,66,65,9,14000,87000,3,72,45,8689,0,,,66,65,67,76,62,68,70,60,1.07,202.0,24.0
P317,Vince,T57,EMEA,,Vincent Kranz,21,控场,控场,false,true,64,68,66,75,10,10000,71000,2,78,63,11717,0,,串联核心|苟,52,51,65,78,52,70,71,72,0.99,179.0,13.0
P318,Zyppan,T57,EMEA,,Pontus Eek,23,决斗者,决斗者,false,false,69,72,77,74,14,15000,90000,1,59,64,12398,0,,,70,72,66,69,67,72,68,59,0.97,194.0,13.0
P319,Sevire,T58,EMEA,,Ethan Starke,23,决斗者,决斗者,false,false,61,68,82,72,2,8000,44000,4,73,79,8806,0,,,63,67,56,63,56,61,58,51,1.17,246.0,13.0
P320,sh1n,T58,EMEA,,Ryad Ensaad,23,控场,控场,false,false,77,85,99,86,5,29000,202000,3,47,51,9748,0.85,,定海神针|串联核心,59,61,81,85,70,84,83,70,1.13,213.0,13.0
P321,nataNk,T58,EMEA,,,21,哨卫,哨卫,false,false,77,83,70,68,11,29000,250000,4,70,76,7849,0,,玻璃大炮,82,80,72,78,81,75,76,64,0.99,178.0,13.0
P322,TakaS,T58,EMEA,,,23,决斗者,决斗者,false,false,68,72,82,73,17,14000,83000,2,67,69,11293,0,,突破手|玻璃大炮,75,78,54,60,65,57,57,49,0.98,213.0,13.0
P323,Kada,T58,EMEA,,Thomas Johner,25,先锋,先锋,false,true,84,85,64,69,8,52000,320000,1,83,89,9847,0,,,76,80,86,89,85,86,90,86,0.96,163.0,13.0
P324,Kachoww,T59,EMEA,,Samet Arıcı,16,决斗者,决斗者,false,false,84,97,72,72,19,52000,519000,4,49,68,2720,0,,核心火力,88,88,80,73,85,81,80,66,1.148,246.07,2720
P325,hezacoil,T59,EMEA,,Berkay Doğar,18,控场,控场,false,false,80,95,55,67,19,37000,361000,3,72,66,2795,0,,,70,71,83,87,81,83,83,71,1.088,195.356,2795
P326,b1squw1,T59,EMEA,,Mehmet Aydın,24,先锋,先锋|哨卫,true,false,64,66,73,86,2,9000,51000,2,91,79,169,0,,,62,65,65,71,60,58,67,53,1.062,216.169,169
P327,reazy,T59,EMEA,,Kaan Ürpek,26,先锋,先锋,false,false,73,75,87,79,9,21000,91000,1,86,49,8895,0,,生存大师,60,64,79,81,70,78,79,67,1.047,203.541,8895
P328,DeadInk,T59,EMEA,,Utku Onur Aydin,24,决斗者,决斗者,false,false,60,63,64,78,13,7000,38000,2,72,40,10965,0,,,61,69,55,54,58,52,57,45,0.976,208.381,10965
P329,batujnax,T59,EMEA,,Mehmet Batu Özaslan,20,先锋,先锋,false,true,70,81,76,84,16,15000,123000,3,49,51,4066,0,,,67,65,66,78,64,72,78,75,0.96,187.741,4066
P330,stonezy,T60,EMEA,,Альберт Макушев,19,哨卫,哨卫,false,false,67,81,82,91,14,13000,104000,4,90,50,6400,0,,,73,78,62,65,70,58,66,52,1.23,216.0,7.0
P331,Guardy,T60,EMEA,,Antonio Guardiola,21,决斗者,决斗者,false,false,58,65,80,79,6,6000,41000,1,72,50,9489,0,,,57,60,57,64,51,65,58,53,1.14,223.0,7.0
P332,globeX,T60,EMEA,,,20,决斗者,决斗者,false,false,76,86,59,77,11,27000,236000,3,75,58,5567,0,,,77,80,71,73,76,76,72,62,1.09,227.0,5.0
P333,Fit1nho,T60,EMEA,,Adolfo Gallego,25,先锋,先锋,false,false,69,73,74,70,19,15000,79000,1,54,40,11610,0,,,69,74,65,75,67,64,70,58,0.93,182.0,7.0
P334,Kajuks,T60,EMEA,,Kajus Skurvydas,21,控场,控场,false,true,69,73,47,74,15,14000,105000,2,65,63,8540,0,,,67,71,61,79,61,68,72,72,0.91,148.0,7.0
P335,kozzy,T61,EMEA,ro,Denis-Stefan Aionitoaei,15,决斗者,决斗者,false,false,72,83,73,73,9,19000,163000,4,94,64,104,0,Neon|Raze,残局王,75,74,70,65,75,66,68,56,1.22,238.0,104.0
P336,paTiTek,T61,EMEA,pl,Patryk Fabrowski,26,控场,控场,false,true,64,64,84,65,10,9000,35000,1,55,64,104,-3.52,Omen|Brimstone,,59,63,69,74,63,66,75,70,1.05,192.0,104.0
P337,MAGNUM,T61,EMEA,cz,Martin Peňkov,24,自由人,自由人,false,false,68,69,71,75,10,14000,80000,2,38,91,104,1.3,,,66,66,69,68,67,66,71,58,1.02,202.0,104.0
P338,iluri,T61,EMEA,fi,Ilari Puranen,28,先锋,先锋,false,false,66,66,76,57,20,12000,31000,1,61,66,104,0,,爆头机器,66,61,67,72,66,62,69,56,0.99,178.0,104.0
P339,Lime,T61,EMEA,gb,Jacob Foster,24,决斗者,决斗者|哨卫,true,false,68,68,64,65,8,13000,73000,3,61,44,104,0,,爆头机器,68,68,72,66,67,66,67,55,0.97,179.0,104.0
P340,azury,T62,EMEA,de,Luca Sammer,21,先锋,先锋|控场,true,true,79,83,73,91,3,31000,272000,2,50,37,10198,0,Breach|Omen|Viper,,72,70,84,79,80,83,88,82,1.19,212.0,152.0
P341,Fizzy,T62,EMEA,pt,David Figueiredo,25,控场,控场|哨卫,true,false,81,85,79,77,9,40000,247000,1,41,54,12295,0,Astra|Cypher|Omen,,73,77,82,86,82,82,83,70,1.12,191.0,152.0
P342,MONSTEERR,T62,EMEA,cz,Ondřej Petrů,21,哨卫,哨卫|决斗者,true,false,84,94,68,80,13,52000,505000,3,94,46,9920,0,Vyse|Phoenix|Waylay,,92,85,84,77,92,75,82,65,1.09,225.0,152.0
P343,Jamelinho213,T62,EMEA,fr,Ryad Bentot,16,决斗者,决斗者,false,false,73,83,65,92,5,21000,177000,4,63,51,3955,0,,突破手|玻璃大炮,81,83,61,60,72,60,64,52,0.98,224.0,152.0
P344,musashi,T62,EMEA,de,Alessio Xhaferi,24,先锋,先锋,false,false,70,71,68,81,7,16000,97000,2,67,63,13230,0,,,64,71,66,78,67,69,72,61,0.97,177.0,152.0
P345,kamyk,T63,EMEA,pl,Maksymilian Jan Rychlewski,22,控场,控场,false,false,84,88,81,85,3,52000,379000,1,75,59,10684,-4,Omen|Viper|Astra,定海神针|残局王|稳定输出,85,81,90,90,90,89,90,76,1.14,208.0,246.0
P346,runneR,T63,EMEA,mk,Emil Trajkovski,22,决斗者,决斗者|先锋,true,false,78,86,88,63,9,31000,222000,3,24,61,8763,-1.37,Raze|Kayo|Jett,,81,83,75,74,79,79,75,65,1.12,218.0,246.0
P347,Pa1ze,T63,EMEA,dk,Mohammad Khatib,22,决斗者,决斗者,false,false,80,88,75,69,14,37000,269000,4,54,71,7020,0,Neon|Jett,突破手|核心火力|玻璃大炮,88,89,67,65,81,65,70,56,1.06,238.0,246.0
P348,doma,T63,EMEA,hr,Domagoj Fancev,22,哨卫,哨卫,false,false,70,75,68,91,14,16000,101000,2,74,63,11859,-0.88,,,61,68,77,72,71,73,76,61,0.96,169.0,246.0
P349,UNFAKE,T63,EMEA,pl,Bartosz Bernacki,28,先锋,先锋,false,true,63,64,71,96,17,9000,24000,1,55,68,9767,0,,生存大师,54,57,68,70,55,64,74,68,0.86,155.0,526.0
P350,Jremy,T64,Pacific,,Jeremy Gagarra Cabrera,20,决斗者,决斗者|哨卫,true,false,82,96,99,67,15,44000,433000,4,56,56,6006,0,,突破手|核心火力|玻璃大炮,87,89,77,68,84,72,78,60,1.32,262.0,26.0
P351,Persia,T64,Pacific,,양지온,27,控场,控场,false,true,88,89,94,73,16,72000,374000,1,60,64,6191,0,,定海神针|串联核心,75,78,91,94,89,93,95,90,1.22,201.0,26.0
P352,Yoshiii,T64,Pacific,,John Yoshiharu Kawakami,22,控场,控场,false,false,66,71,85,82,18,12000,69000,3,62,74,6852,0,,,66,66,61,74,59,63,67,56,1.18,218.0,26.0
P353,Dep,T64,Pacific,,,25,决斗者,决斗者,false,false,83,88,86,81,2,48000,302000,2,55,64,7843,0,,核心火力|玻璃大炮,90,90,72,67,89,68,73,58,1.14,232.0,24.0
P354,BRIAN,T64,Pacific,,,22,先锋,先锋,false,false,61,65,69,67,12,8000,42000,1,66,52,4773,0,,,62,67,53,69,54,58,63,52,1.02,199.0,26.0
P355,margaret,T65,Pacific,,김지우,19,控场,控场,false,false,80,95,96,66,11,37000,361000,4,87,41,4440,0,,,82,85,80,78,88,72,82,64,1.22,243.0,16.0
P356,Kippei,T65,Pacific,,,17,控场,控场|哨卫,true,false,62,72,99,80,13,8000,57000,3,72,49,3337,0,,串联核心,49,48,63,78,48,66,65,57,1.06,188.0,16.0
P357,yuran,T65,Pacific,,羽藤 憂心,20,决斗者,决斗者,false,false,57,72,92,72,14,5000,40000,2,46,85,4114,0,,,57,56,55,66,52,63,56,53,1.04,205.0,16.0
P358,Misaya,T65,Pacific,,,24,先锋,先锋,false,true,57,58,99,69,18,5000,26000,1,51,63,7828,0,,串联核心,48,48,53,74,46,62,64,67,0.97,183.0,16.0
P359,Pkm,T65,Pacific,,박강민,19,决斗者,决斗者,false,false,61,75,74,77,12,8000,59000,2,67,98,4454,0,,突破手,67,72,51,55,55,52,55,45,0.97,215.0,16.0
P360,Seoldam,T66,Pacific,,박상민,24,决斗者,决斗者,false,false,74,77,72,65,1,23000,145000,2,61,64,5648,0,,突破手|玻璃大炮,79,84,65,63,73,64,67,55,1.12,256.0,31.0
P361,JoXJo,T66,Pacific,,,25,先锋,先锋,false,true,61,62,81,81,12,8000,36000,1,38,64,8212,0,,串联核心,51,53,59,77,50,68,69,71,1.06,192.0,31.0
P362,Luca,T66,Pacific,,,18,先锋,先锋,false,false,57,66,75,65,18,5000,38000,4,70,56,3188,0,,,52,53,54,70,51,57,61,52,1.04,197.0,31.0
P363,gyen,T66,Pacific,,,19,哨卫,哨卫,false,false,71,79,74,74,6,18000,144000,3,63,59,1913,0,,,70,71,68,77,74,69,69,60,1.0,186.0,31.0
P364,Minty,T66,Pacific,,Daiki Kato,24,控场,控场,false,false,62,65,63,71,17,8000,46000,2,64,84,7277,0,,,56,61,58,73,53,63,65,55,0.97,175.0,31.0
P365,Hals,T67,Pacific,,,19,控场,控场|哨卫,true,false,64,77,67,83,20,9000,71000,4,52,70,4387,0,,,66,70,57,72,59,57,64,52,1.06,214.0,15.0
P366,Aace,T67,Pacific,,Souta Ito,19,决斗者,决斗者,false,false,73,83,63,66,20,21000,177000,4,40,81,4191,0,,,77,81,67,62,74,65,68,54,1.04,220.0,15.0
P367,CLZ,T67,Pacific,,,24,控场,控场,false,false,63,64,92,61,20,9000,50000,1,55,85,7478,0,,生存大师,56,61,66,71,56,61,66,54,1.02,209.0,15.0
P368,GangPin,T67,Pacific,,,21,控场,控场,false,false,64,72,64,78,15,10000,74000,2,48,39,6159,0,,,52,55,65,75,52,69,69,59,0.97,171.0,15.0
P369,Anthem,T67,Pacific,,,23,先锋,先锋,false,true,62,70,85,88,17,8000,48000,3,50,61,5088,0,,,51,56,63,73,50,68,73,70,0.93,182.0,15.0
P370,oitaN,T68,Pacific,,,26,控场,控场,false,false,63,66,66,74,10,9000,35000,1,42,50,7179,0,,,57,58,61,73,57,62,65,55,1.06,184.0,28.0
P371,popogachi,T68,Pacific,,,22,决斗者,决斗者,false,false,70,75,62,73,16,16000,101000,3,76,92,7129,0,,串联核心,72,69,70,73,67,75,68,62,1.06,221.0,28.0
P372,kAyle,T68,Pacific,,Ahmad Aqil bin Ariff,22,先锋,先锋,false,true,66,69,66,71,9,11000,62000,2,47,49,4311,0,,,60,65,61,76,56,67,72,71,1.01,191.0,28.0
P373,SID,T68,Pacific,,,20,决斗者,决斗者,false,false,64,78,51,78,17,10000,78000,4,72,69,5144,0,,,69,73,57,57,59,56,59,48,0.92,210.0,28.0
P374,Frxeez,T68,Pacific,,,20,哨卫,哨卫,false,false,50,61,61,93,1,3000,20000,3,51,73,2113,0,,,51,59,46,56,45,47,53,42,0.86,178.0,28.0
P375,Banger,T69,Pacific,,안형기,25,哨卫,哨卫,false,false,61,65,72,72,8,8000,37000,2,76,81,5401,0,,,58,61,63,66,60,60,64,52,1.11,218.0,29.0
P376,fukukeN,T69,Pacific,,,23,控场,控场,false,false,59,63,67,84,11,6000,35000,3,59,70,2508,0,,,52,51,54,75,49,61,60,54,0.99,193.0,29.0
P377,Sayu,T69,Pacific,,,23,决斗者,决斗者,false,false,60,65,56,69,7,7000,39000,2,85,90,1262,0,,,63,66,56,57,51,59,59,49,0.93,210.0,29.0
P378,Allen,T69,Pacific,,,22,先锋,先锋,false,true,59,65,56,78,14,6000,33000,4,88,49,5081,0,,,50,49,58,74,48,64,67,68,0.9,169.0,29.0
P379,Moothie,T69,Pacific,,유승우,27,控场,控场,false,false,61,62,48,63,1,8000,29000,1,53,89,7180,0,,,56,59,57,73,55,60,62,54,0.88,178.0,29.0
P380,Ady,T70,Pacific,,,22,控场,控场,false,true,76,83,56,74,15,27000,182000,3,44,37,1917,0,,生存大师,66,66,79,84,70,80,83,80,0.99,188.0,18.0
P381,flora,T70,Pacific,,,19,决斗者,决斗者,false,false,60,76,63,83,14,7000,54000,4,52,74,2309,0,,,65,69,53,56,54,54,55,46,0.98,219.0,18.0
P382,MeatPieN,T70,Pacific,,,25,先锋,先锋,false,false,58,62,56,78,6,6000,28000,1,59,52,3156,0,,,51,52,53,74,49,61,60,55,0.9,169.0,15.0
P383,Karaage,T70,Pacific,,,27,决斗者,决斗者,false,false,49,50,66,86,16,3000,9000,1,65,76,1069,0,,,49,53,48,49,46,45,50,39,0.89,197.0,18.0
P384,Satwoshi,T70,Pacific,,,24,控场,控场|哨卫,true,false,55,55,39,70,12,4000,19000,2,45,67,1769,0,,,52,61,50,64,47,48,57,45,0.74,158.0,18.0
P385,yuki,T70,Pacific,,,25,先锋,先锋,false,false,65,67,30,85,8,11000,53000,2,40,79,506,0,,,64,66,61,72,62,59,66,55,0.66,129.0,3.0
P386,Ying,T71,China,cn,王晨旭,18,控场,控场|先锋|决斗者,true,false,61,70,69,65,12,8000,56000,4,79,57,233,0,Viper|Breach|Iso,苟,63,57,64,65,60,59,63,53,1.06,212.0,173.0
P387,Tonk,T71,China,hk,戴镇宇,19,哨卫,哨卫,false,false,61,69,68,74,6,8000,55000,4,56,49,208,0,,,62,57,63,65,58,57,61,50,1.04,194.0,173.0
P388,sibeastw0w,T71,China,ru,Антон Говорухин,25,先锋,先锋,false,true,81,86,71,78,13,40000,250000,1,59,82,10433,0,,突破手,87,90,73,81,84,73,84,78,1.01,181.0,173.0
P389,Krst1Ng,T71,China,cn,丁思瀚,22,控场,控场,false,false,60,67,69,77,8,7000,40000,3,67,57,208,0,,爆头机器|苟,57,53,62,69,53,58,64,52,0.95,160.0,173.0
P390,Akeman,T71,China,cn,张浩然,22,决斗者,决斗者,false,false,58,65,70,81,10,6000,33000,2,69,48,1622,0.3,,,63,64,49,54,51,52,53,44,0.81,194.0,470.0
P391,Chaos,T72,China,,陈俊霖,25,决斗者,决斗者,false,false,73,76,73,63,14,21000,114000,1,47,81,1755,0,,,75,78,71,66,70,70,71,58,1.14,232.497,1755
P392,Layla,T72,China,vn,Hoàng Đức Hùng,21,哨卫,哨卫,false,false,67,73,73,72,8,13000,96000,3,52,75,6907,0,Sage|Chamber|Cypher,,73,74,60,71,67,63,64,55,1.05,218.0,118.0
P393,monk,T72,China,cn,王浩宇,23,控场,控场,false,true,79,83,80,77,18,31000,216000,2,45,78,5928,0,,串联核心|苟,70,63,81,88,71,84,85,83,1.02,188.0,118.0
P394,Eren,T72,China,cn,杨曾威,21,自由人,自由人,false,false,79,86,66,68,16,34000,305000,4,50,59,5334,0,,定海神针,82,80,81,71,77,78,85,66,0.97,210.0,118.0
P395,Folykiki,T72,China,cn,,21,决斗者,决斗者|先锋,true,false,56,61,74,73,7,5000,33000,2,60,73,304,0,,,56,65,55,55,50,52,52,44,0.88,199.0,118.0
P396,Pink,T72,China,,李松原,29,决斗者,决斗者,false,false,50,52,67,67,5,3000,7000,1,40,53,1773,0,,,48,52,47,60,44,56,50,47,0.86,182.552,1773
P397,Dingwei,T72,China,cn,魏定瑋,20,先锋,先锋,false,false,54,67,66,74,1,4000,30000,4,72,60,820,0,,生存大师|苟,50,45,56,66,45,52,57,48,0.8,151.0,118.0
P398,5CM,T73,China,,丁宣鹏,22,控场,控场,false,false,57,63,76,81,17,5000,29000,3,55,67,813,0,,,52,48,57,68,47,56,60,50,0.885,188.303,813
P399,Juicy,T73,China,sg,Tyler James Aeria,19,决斗者,决斗者,false,false,72,84,61,71,6,19000,164000,4,38,46,8580,0.65,,玻璃大炮,77,80,59,64,70,62,62,53,,191.0,275.0
P400,S1Mon,T73,China,tw,謝孟勳,21,控场,控场,false,false,71,76,59,73,12,18000,140000,3,66,81,5347,0.3,,定海神针|生存大师|串联核心|苟,55,52,76,82,60,80,77,67,,172.0,275.0
P401,FFs,T73,China,mo,梁卓南,27,先锋,先锋,false,true,62,62,81,68,15,8000,29000,1,54,55,4415,0,,串联核心|苟,54,51,61,77,51,66,68,70,,181.0,275.0
P402,Dannyy,T73,China,cn,王鹏程,23,控场,控场|哨卫,true,false,66,70,71,76,6,11000,63000,2,75,74,1797,0,,生存大师|苟,59,53,68,81,56,66,66,59,,176.0,275.0
P403,Croudy,T74,China,,陳子龍,21,控场,控场,false,true,70,79,68,76,13,16000,132000,4,60,48,441,0,,生存大师|苟,58,55,75,79,65,74,80,75,1.116,178.308,441
P404,Potter,T74,China,,Sutthichai Promsrikaew,21,决斗者,决斗者,false,false,63,73,72,78,2,9000,68000,4,57,73,5904,0,,突破手,69,76,52,53,58,50,56,44,1.066,230.804,5904
P405,Guran,T74,China,,周铭言,25,先锋,先锋,false,false,66,68,66,84,8,12000,58000,2,57,73,1787,0,,生存大师|苟,55,52,71,79,57,73,72,63,1.065,189.103,1787
P406,Z1yan,T74,China,,刘紫涵,26,哨卫,哨卫,false,false,66,70,62,78,12,12000,47000,1,90,57,2140,0,,,71,62,65,67,68,62,67,54,0.857,204.933,2140
P407,Ben1Ley,T74,China,cn,Shi Benyu,26,决斗者,决斗者,false,false,51,55,70,84,5,3000,11000,1,59,60,660,0,,,53,50,52,55,48,52,52,44,0.85,191.0,430.0
P408,nnono,T74,China,,,26,控场,控场,false,false,71,76,54,80,14,18000,77000,3,69,55,285,0,,生存大师|苟,64,57,76,80,66,72,75,63,,176.983,285
P409,Nana,T75,China,,,23,决斗者,决斗者,false,false,67,73,74,87,10,13000,76000,2,65,66,253,0,,生存大师|苟,68,60,76,65,66,68,70,57,,209.571,253
P410,Ayu,T75,China,,,25,先锋,先锋,false,true,71,73,71,82,3,18000,94000,1,51,63,342,0,,生存大师|苟,66,59,76,78,70,71,80,75,,199.634,342
P411,p1katong,T75,China,,,23,决斗者,决斗者,false,false,66,73,55,70,11,12000,70000,2,53,46,354,0,,生存大师|苟,68,60,76,62,66,66,70,55,,210.888,354
P412,maofish,T75,China,,,23,哨卫,哨卫,false,false,71,80,81,72,8,18000,115000,3,32,97,394,0,,生存大师,75,66,76,68,73,66,72,56,,260.284,394
P413,Yunni,T75,China,,,19,控场,控场,false,false,72,87,71,74,13,19000,168000,4,80,35,147,0,,生存大师|苟,69,62,76,78,70,71,75,62,,217.758,147
P414,jowa,T76,China,cn,王乔丹,21,控场,控场,false,true,78,83,72,49,16,29000,250000,2,61,74,15335,0,,串联核心,70,71,76,86,69,84,85,83,0.93,187.0,664.0
P415,Levius,T76,China,,卢胤中,21,哨卫,哨卫,false,false,67,73,67,75,5,13000,96000,1,69,63,3141,-0.74,,,64,59,71,70,72,66,71,57,0.9,174.348,3141
P416,M1ng929,T76,China,,崔珈铭,23,控场,控场|先锋,true,false,73,82,64,67,18,21000,139000,3,33,56,182,0,,生存大师|苟,68,62,76,80,69,73,75,63,,209.846,182
P417,Apathy,T76,China,,黄盈盛,22,哨卫,哨卫,false,false,68,78,77,90,11,14000,87000,3,52,72,42,0,,,66,62,74,70,67,68,72,58,,159.095,42
P418,Ye,T76,China,,刘博才,27,决斗者,决斗者,false,false,66,67,77,79,17,12000,46000,1,61,76,42,0,,,66,61,74,63,68,67,70,55,,152.429,42
P419,Ugly,T76,China,,,20,先锋,先锋,false,false,70,85,67,76,6,16000,139000,4,63,79,177,0,,生存大师|苟,65,58,76,78,66,72,76,63,,174.834,177
P420,Ending,T76,China,,,21,决斗者,决斗者,false,false,67,72,54,70,0,13000,95000,2,55,59,239,0,,生存大师|苟,68,61,76,63,67,67,70,56,,208.19,239
P421,AcMe,T77,China,,차일환,22,控场,控场,false,false,60,68,66,75,14,7000,40000,2,43,87,2856,0,,,56,56,54,75,51,62,61,55,1.03,207.241,2856
P422,Yoyo,T77,China,,徐佑翔,22,决斗者,决斗者,false,false,60,68,84,80,12,7000,40000,2,60,82,1825,0,,,62,63,61,59,52,60,59,49,0.977,216.588,1825
P423,heybay,T77,China,hk,何洵熙,27,先锋,先锋,false,true,64,65,46,79,10,10000,38000,1,39,75,7922,-1.75,,,58,61,64,77,60,70,73,73,0.74,160.0,241.0
P424,Satoshi,T77,China,cn,费郅贤,20,自由人,自由人,false,false,53,62,83,64,10,4000,26000,4,77,47,735,0,,生存大师|苟,53,51,56,58,47,50,55,46,,220.0,111.0
P425,Leav3u,T77,China,,,20,哨卫,哨卫,false,false,69,76,61,66,12,15000,118000,3,56,63,65,0,,苟,66,60,75,71,67,69,72,59,,156.454,65
P426,Inspire,,Americas,us,Hunter Schline,27,控场,控场,false,false,75,75,73,68,1,24000,107000,0,62,74,256,0,,,78,72,75,78,80,69,76,62,1.09,200.0,256.0
P427,OBONE,,China,cn,陈羿杰,24,控场,控场,false,false,65,69,81,85,13,11000,62000,0,54,61,201,0,,爆头机器,64,59,63,75,62,63,67,57,1.02,173.0,201.0
P428,stew,,Pacific,kr,박영찬,20,决斗者,决斗者,false,false,83,93,64,80,13,48000,459000,0,65,38,980,0,,,87,84,81,72,87,80,80,65,1.0,210.0,980.0
P429,Xeppaa,,Americas,us,Erick Bach,25,先锋,先锋,false,false,78,82,64,83,12,31000,186000,0,65,46,603,0,,,74,68,83,83,78,81,84,69,0.97,193.0,603.0
P430,MrFaliN,,EMEA,tr,Furkan Yeğen,25,自由人,自由人,false,false,64,68,65,88,15,10000,49000,0,63,55,187,-4,,,68,63,69,72,67,69,70,60,0.97,174.0,187.0
P431,NagZ,,Americas,cl,Juan Pablo Lopez Miranda,29,自由人,自由人,false,false,62,63,71,78,5,8000,22000,0,37,63,164,0,,,60,58,64,66,63,61,66,54,0.95,158.0,164.0
P432,penny,,Americas,ca,Erik Penny,22,决斗者,决斗者,false,false,71,78,69,81,4,18000,113000,0,45,30,503,0.43,,,70,73,69,65,75,68,69,57,0.95,190.0,503.0
P433,ComeBack,,EMEA,tr,Berkcan Şentürk,18,决斗者,决斗者,false,false,71,83,64,73,17,18000,149000,0,55,51,503,0,,,76,78,64,60,72,60,65,52,0.95,207.0,503.0
P434,BerserX,,Pacific,id,Rizkie Adla Kusuma,22,哨卫,哨卫,false,false,69,73,67,63,8,15000,91000,0,58,57,402,0,,,66,63,74,69,70,68,73,58,0.93,179.0,402.0
P435,grubinho,,EMEA,pl,,23,控场,控场,false,false,70,78,65,66,2,16000,104000,0,58,92,540,-4,,,67,63,74,82,71,76,77,66,0.93,172.0,540.0
P436,Lakia,,Pacific,kr,김종민,25,先锋,先锋,false,false,63,67,69,76,17,9000,45000,0,51,82,548,-4,,苟,58,56,72,77,61,73,75,63,0.91,180.0,548.0
P437,sScary,,Pacific,th,ณัชพล มาตราช,26,控场,控场,false,false,71,73,52,91,7,18000,75000,0,28,59,141,0,,,66,65,73,78,69,71,75,62,0.9,173.0,141.0
P438,JessieVash,,Pacific,ph,Jessie Cristy Angeles Cuyco,35,先锋,先锋,false,false,71,71,61,70,9,18000,50000,0,65,52,402,0,,苟,67,61,75,77,70,71,76,62,0.89,169.0,402.0
P439,Au1,,China,cn,朱逸浩,19,控场,控场,false,false,64,78,74,66,13,10000,78000,0,69,47,416,-0.37,,,60,59,65,73,60,63,67,56,0.89,182.0,416.0
P440,Biank,,China,cn,钟剑飞,25,先锋,先锋,false,false,62,65,76,78,16,8000,40000,0,39,49,201,-0.65,,,57,59,62,72,58,62,67,55,0.88,159.0,201.0
P441,silentzz,,Americas,br,Caio Morita,21,哨卫,哨卫,false,false,62,68,70,66,2,8000,60000,0,74,62,335,0,,,62,62,64,64,60,58,64,51,0.88,171.0,335.0
P442,pANcada,,Americas,br,Bryan Vinicius Luna da Silva,26,控场,控场,false,false,71,72,56,79,15,18000,74000,0,42,35,146,0,,苟,67,63,72,77,68,69,74,61,0.87,157.0,146.0
P443,cNed,,EMEA,tr,Mehmet Yağız İpek,23,决斗者,决斗者,false,false,68,73,58,70,12,14000,83000,0,95,83,430,-0.44,,,73,73,64,61,70,61,65,52,0.84,174.0,430.0
P444,d3mur,,EMEA,tr,Demir Boğa,21,决斗者,决斗者,false,false,55,62,74,79,18,5000,31000,0,54,40,175,0,,,57,60,52,53,54,51,55,44,0.8,181.0,175.0
P445,Virtyy,,Americas,do,Leandro Moreno,23,决斗者,决斗者,false,false,58,63,58,85,15,6000,32000,0,42,62,457,0,,,58,65,54,53,55,53,57,45,0.79,179.0,457.0
P446,Youze,,China,tw,赖右泽,18,决斗者,决斗者,false,false,51,65,72,59,5,3000,23000,0,52,65,697,0,,,50,58,47,53,47,50,51,43,0.76,186.0,697.0
P447,KiTae,,Pacific,kr,박기태,19,控场,控场,false,false,61,73,69,64,8,8000,58000,0,81,90,1627,0,,,59,63,54,71,50,60,62,53,0.72,157.0,143.0
P448,Septem7,,China,cn,刘哲宁,27,自由人,自由人,false,false,57,57,72,61,10,5000,19000,0,76,61,106,0,,,52,54,62,61,51,61,65,52,0.7,139.0,106.0
P449,baha,,EMEA,tr,Baha Gözmen,20,控场,控场,false,false,54,64,69,81,2,4000,29000,0,51,68,187,0,,,53,51,53,63,48,49,57,46,0.68,159.0,187.0
P450,Rimuru,,Pacific,ph,Dwine Gatchalian Enriquez,18,决斗者,决斗者,false,false,54,65,69,68,17,4000,29000,0,54,66,141,0,,,55,60,49,53,49,50,52,43,0.67,160.0,141.0
P451,PxS,,Americas,us,Joshua Guilherme Brunelli Figueredo,24,自由人,自由人,false,false,66,69,87,59,16,12000,68000,0,42,79,7577,0,,突破手,61,71,65,69,61,69,70,59,1.01,173.0,104.0
P452,mta,,Americas,cl,Nicolás González,20,决斗者,决斗者,false,false,61,72,80,78,18,8000,57000,0,64,98,164,0.66,,,60,61,64,60,59,60,61,51,0.94,185.0,164.0
P453,nerve,,Americas,us,Michael Yerrow,23,控场,控场,false,false,69,77,68,76,9,15000,94000,0,68,72,26271,-1.28,,生存大师|苟,58,57,76,79,65,75,76,64,0.91,169.0,747.0
P454,alym,,EMEA,kg,Төрөгул Байдылдаев,20,决斗者,决斗者,false,false,61,68,71,67,15,8000,55000,0,71,75,747,-3.84,,,66,73,57,59,63,59,61,50,0.9,201.0,747.0
P455,Okeanos,,Pacific,vn,Anthony Nguyen,22,决斗者,决斗者,false,false,66,76,57,81,17,12000,72000,0,16,85,448,0,,爆头机器,68,64,67,66,66,68,66,56,0.86,175.0,448.0
P456,benG,,Americas,cl,Benjamin Hidalgo,22,控场,控场,false,false,63,67,69,78,2,9000,51000,0,72,69,164,0,,,60,58,64,71,59,60,66,54,0.89,164.0,164.0
P457,Hermes,,Pacific,kr,안병욱,20,决斗者,决斗者,false,false,55,71,70,74,3,5000,34000,0,40,32,6406,0,,,51,60,53,59,51,58,56,48,0.85,170.0,425.0
P458,TenTen,,Pacific,kr,김태영,22,决斗者,决斗者,false,false,58,62,64,87,19,6000,32000,0,68,72,3534,0,,突破手,62,71,48,53,53,50,53,43,0.79,171.0,133.0
P459,sturNN,,EMEA,tr,Eren Oduncular,23,控场,控场,false,false,55,60,69,69,16,5000,24000,0,58,53,175,0,,,51,54,54,63,50,51,60,47,0.72,162.0,175.0
P460,Governor,,Pacific,kr,Peter No,22,先锋,先锋,false,false,55,60,61,63,15,5000,24000,0,86,52,164,-2.67,,,56,55,56,66,55,55,63,51,0.71,148.0,164.0
P461,Kolosha,,EMEA,ua,Герман Скрипка,17,决斗者,决斗者,false,false,56,70,72,76,7,5000,36000,0,58,68,5588,0,,,58,65,47,56,48,53,52,45,0.67,166.0,201.0
P462,jakee,,Americas,,,25,控场,控场,false,false,76,80,77,78,6,27000,154000,0,45,68,19583,0,,,71,73,74,84,71,80,79,68,1.1,199.0,23.0
P463,Dark3st,,Americas,,,21,先锋,先锋,false,false,75,80,58,69,18,24000,205000,0,68,64,34884,0,,串联核心,69,71,72,87,69,81,79,70,1.03,197.0,23.0
P464,bdog,,Americas,,,24,决斗者,决斗者,false,false,69,72,40,75,14,15000,90000,0,46,15,15118,0,,,69,75,64,65,68,67,66,55,0.95,215.0,23.0
P465,turkish,,Americas,,,25,哨卫,哨卫,false,false,65,66,79,76,8,11000,52000,0,38,58,5421,0,,,65,65,66,65,65,60,67,52,1.17,209.0,17.0
P466,Kring,,Americas,,,26,先锋,先锋,false,false,65,70,80,75,19,11000,44000,0,61,89,3727,0,,,69,71,55,72,58,60,65,55,1.16,225.0,17.0
P467,Luid,,Americas,,,23,决斗者,决斗者,false,false,65,71,66,71,2,11000,63000,0,80,87,6368,0,,突破手,71,76,55,57,60,56,59,48,1.05,222.0,17.0
P468,aztex,,Americas,,,21,控场,控场,false,false,60,65,66,70,6,7000,49000,0,75,69,2750,0,,,50,53,58,73,49,62,63,55,0.98,163.0,17.0
P469,sanoj,,Americas,,,17,决斗者,决斗者,false,false,60,70,53,70,8,7000,51000,0,66,44,4205,0,,,63,67,55,55,56,54,57,46,0.94,197.0,17.0
P470,qck,,Americas,,Gabriel Bertoni Lima,22,决斗者,决斗者,false,false,67,72,99,73,9,13000,76000,0,64,57,9391,1.53,,玻璃大炮,73,76,55,55,64,53,58,46,1.15,228.0,25.0
P471,frz,,Americas,,Leandro Fukuda Gomes,25,先锋,先锋,false,false,71,75,92,73,18,18000,95000,0,76,89,9097,0,,,71,70,68,77,76,65,73,60,1.12,211.0,25.0
P472,xenom,,Americas,,Eduardo Ribeiro de Moura Soeiro,23,控场,控场,false,false,81,86,82,72,3,40000,287000,0,76,57,6943,-1.19,,定海神针|串联核心,66,75,86,89,81,89,87,74,1.09,199.0,25.0
P473,gobera,,Americas,,Vitor Gobo Cesar,24,决斗者,决斗者,false,false,64,65,88,69,12,10000,55000,0,76,40,9133,0,,突破手,65,71,62,63,59,60,58,51,1.04,223.0,25.0
P474,Brinks,,Americas,,João Victor,25,控场,控场,false,false,70,73,83,78,2,16000,86000,0,45,68,9316,0,,,63,65,70,79,63,73,74,63,0.94,169.0,25.0
P475,peixeh,,Americas,,,26,控场,控场,false,false,67,68,77,68,8,13000,51000,0,53,41,5094,0,,,61,64,63,79,61,69,68,60,1.15,207.0,23.0
P476,skz,,Americas,,Jean Lucas,23,先锋,先锋,false,false,67,73,65,68,9,13000,76000,0,57,52,6396,0,,,58,58,69,78,60,73,73,63,1.02,189.0,8.0
P477,Bruxo,,Americas,,,17,决斗者,决斗者,false,false,56,70,66,81,12,5000,36000,0,50,90,4136,0,,,58,64,49,58,50,54,53,46,1.0,211.0,23.0
P478,Stwz1,,Americas,,,23,先锋,先锋,false,false,62,71,62,73,10,8000,49000,0,82,72,6467,0,,串联核心,52,52,62,78,51,69,66,60,0.92,186.0,23.0
P479,taka,,Americas,,,25,哨卫,哨卫,false,false,61,63,47,63,14,8000,36000,0,85,81,5302,0,,,68,73,54,62,60,53,59,48,0.91,186.0,23.0
P480,havoc,,Americas,,Ilan Eloy,19,决斗者,决斗者,false,false,56,64,99,78,5,5000,34000,0,54,67,7587,0,,突破手,62,68,45,49,47,46,50,40,1.1,253.0,34.0
P481,liazzi,,Americas,,Felipe Galiazzi,20,决斗者,决斗者,false,false,60,74,99,60,7,7000,53000,0,52,93,7581,0,,,57,62,63,62,56,65,62,53,1.09,196.0,34.0
P482,GuhRVN,,Americas,,,23,控场,控场,false,false,65,71,72,75,5,11000,63000,0,66,54,11049,0,,,54,54,66,78,56,70,69,60,1.07,188.0,34.0
P483,nevoy,,Americas,,,25,哨卫,哨卫,false,false,55,57,70,73,13,5000,20000,0,82,49,1962,0,,,56,55,54,60,51,52,57,46,1.0,205.0,34.0
P484,raafa,,Americas,,Rafael Lima,31,先锋,先锋,false,false,54,56,99,68,11,4000,10000,0,51,55,6938,0,,,48,49,48,72,45,57,57,52,0.93,168.0,34.0
P485,prozin,,Americas,,Wallacy Sales,24,决斗者,决斗者,false,false,54,57,80,76,19,4000,22000,0,83,53,8729,0,,,52,58,53,62,48,62,56,51,1.06,215.0,20.0
P486,RgLMeister,,Americas,,,20,控场,控场,false,false,74,87,79,75,17,23000,200000,0,52,78,6872,0,,生存大师|苟,63,60,79,84,69,79,79,67,1.03,178.0,20.0
P487,forbanz,,Americas,,Ithallo Paula,24,决斗者,决斗者,false,false,65,66,63,89,18,11000,60000,0,68,65,7474,0,,突破手|玻璃大炮,73,77,53,54,60,52,57,45,1.02,225.0,20.0
P488,Urango,,Americas,,Victor Rodrigues,21,先锋,先锋,false,false,53,57,99,60,3,4000,25000,0,40,22,8456,0,,,48,54,46,68,44,54,56,50,0.97,184.0,20.0
P489,sw,,Americas,,Jadisson Rayan,23,控场,控场,false,false,60,66,60,72,16,7000,39000,0,70,34,7255,0,,,52,55,55,75,48,63,62,55,0.95,191.0,20.0
P490,szimpli,,EMEA,,Bence Soós,24,决斗者,决斗者,false,false,63,65,76,75,13,9000,50000,0,53,68,9381,0,,玻璃大炮,70,74,53,53,56,52,57,45,1.08,216.0,7.0
P491,Leare,,EMEA,,Fletcher Brigden-Knight,22,控场,控场,false,false,70,75,58,84,15,16000,101000,0,49,27,11167,0,,突破手,78,82,62,72,72,59,69,55,1.03,171.0,7.0
P492,elllement,,EMEA,,Dragan Milanović,27,哨卫,哨卫,false,false,74,75,45,83,16,23000,99000,0,65,72,11799,0,,突破手,82,85,68,70,79,64,71,56,0.97,193.0,7.0
P493,KEN,,Pacific,,,21,哨卫,哨卫,false,false,69,78,68,68,17,15000,120000,0,72,46,3078,0,,,74,76,61,72,68,65,66,56,1.09,210.0,16.0
P494,Xiesta,,Pacific,,정시환,15,决斗者,决斗者,false,false,80,90,99,83,7,37000,345000,0,71,82,864,0,,,84,85,73,71,82,74,74,62,1.3,269.0,28.0
P495,Ray,,Pacific,,Rayvaldo Chandra,21,控场,控场,false,false,82,90,64,78,1,44000,410000,0,36,62,1343,0,,,79,79,83,87,82,82,83,71,1.17,219.0,28.0
P496,Cloudy,,Pacific,,Sova Heng,24,先锋,先锋,false,false,55,59,99,71,14,5000,24000,0,54,65,5154,0,,,49,50,52,70,46,56,58,51,1.03,177.0,28.0
P497,Wolverine,,Pacific,,조현태,20,哨卫,哨卫,false,false,53,67,99,71,12,4000,27000,0,69,48,4307,0,,,56,61,47,62,46,52,54,46,1.02,205.0,28.0
P498,shu,,Pacific,,Yang Chenwei,17,控场,控场,false,false,73,82,69,72,12,21000,176000,0,36,79,2413,0,,串联核心,60,62,75,84,64,79,77,67,1.11,209.0,25.0
P499,Ramgi,,Pacific,,우준혁,17,决斗者,决斗者,false,false,59,74,65,80,6,6000,49000,0,52,73,2758,0,,突破手,64,71,51,52,53,51,55,43,1.01,201.0,25.0
P500,CabezA,,Pacific,,,24,控场,控场,false,false,61,63,66,70,17,8000,42000,0,44,77,3786,0,,,58,59,58,70,53,60,64,53,1.0,203.0,25.0
P501,JaXe,,Pacific,,,23,先锋,先锋,false,false,66,70,54,86,2,12000,68000,0,50,49,2177,0,,,62,65,65,74,65,64,69,58,0.98,190.0,25.0
P502,Kally,,Pacific,,김동욱,18,先锋,先锋,false,false,63,78,64,86,11,9000,71000,0,89,16,4023,0,,,55,57,66,73,55,67,70,58,0.98,196.0,25.0
P503,ANNYEON,,Pacific,,안서진,19,决斗者,决斗者,false,false,54,65,78,62,14,4000,29000,0,60,83,1566,0,,,54,56,50,60,48,57,53,48,1.07,230.0,25.0
P504,Rico,,Pacific,,,20,控场,控场,false,false,61,69,75,72,2,8000,55000,0,30,44,3126,0,,串联核心,51,52,59,76,48,66,64,57,1.02,194.0,25.0
P505,JaebiN,,Pacific,,,24,哨卫,哨卫,false,false,57,60,68,80,14,5000,29000,0,58,67,3386,0,,突破手,63,68,51,61,49,54,58,47,1.0,207.0,25.0
P506,XIV,,Pacific,,,27,决斗者,决斗者,false,false,49,49,73,71,19,3000,9000,0,42,51,1069,0,,,49,51,48,53,45,49,50,42,0.94,180.0,25.0
P507,RedLight,,Pacific,,,20,先锋,先锋,false,false,58,71,50,65,18,6000,44000,0,69,60,3468,0,,,50,51,56,74,48,63,62,55,0.83,155.0,25.0
P508,Taegeuk,,Pacific,,,18,控场,控场,false,false,65,78,70,77,19,11000,85000,0,72,52,513,0,,生存大师,60,58,65,76,57,65,65,57,1.06,208.0,23.0
P509,YJ,,Pacific,,,28,决斗者,决斗者,false,false,56,57,66,71,15,5000,12000,0,46,88,513,0,,,56,59,56,54,52,54,57,46,1.0,202.0,23.0
P510,rsd,,Pacific,,,21,哨卫,哨卫,false,false,52,59,71,68,14,4000,23000,0,61,49,513,0,,,51,59,51,57,47,48,56,43,0.93,191.0,23.0
P511,Beom,,Pacific,,,24,决斗者,决斗者,false,false,52,57,72,82,7,4000,18000,0,59,64,513,0,,,54,56,47,54,47,50,51,43,0.9,202.0,23.0
P512,INPA,,Pacific,,,25,先锋,先锋,false,false,53,54,76,83,16,4000,17000,0,44,71,1427,0,,,47,46,48,70,44,56,56,51,0.61,127.0,9.0
P513,coldfish,,China,,向鹏志,19,先锋,先锋,false,false,72,87,73,82,18,19000,168000,0,34,96,6462,0,,生存大师,67,63,76,79,70,74,76,64,1.101,210.452,6462
P514,XyuS,,China,,,25,决斗者,决斗者,false,false,79,81,67,87,13,34000,201000,0,66,66,3353,0,,突破手,84,87,73,65,83,68,73,57,1.199,246.189,3353
P515,YHchen,,China,,陳昱瀚,24,先锋,先锋,false,false,61,65,71,68,1,8000,42000,0,30,73,5854,0,,串联核心,62,53,56,74,53,61,59,55,0.923,178.777,5854
P516,ZiXuan,,China,,刘俊伟,26,控场,控场,false,false,65,66,73,74,10,11000,42000,0,75,68,1747,0,,生存大师|串联核心|苟,55,51,67,78,54,69,68,60,1.058,195.458,1747
P517,W1nner,,China,,蔡宏偉,24,哨卫,哨卫,false,false,60,61,73,84,12,7000,37000,0,62,70,6682,0,,,62,66,56,63,57,55,60,49,1.071,215.592,6682
